CREATE DATABASE  IF NOT EXISTS `college_db` /*!40100 DEFAULT CHARACTER SET utf8mb4 COLLATE utf8mb4_0900_ai_ci */ /*!80016 DEFAULT ENCRYPTION='N' */;
USE `college_db`;
-- MySQL dump 10.13  Distrib 8.0.30, for Win64 (x86_64)
--
-- Host: 127.0.0.1    Database: college_db
-- ------------------------------------------------------
-- Server version	8.0.30

/*!40101 SET @OLD_CHARACTER_SET_CLIENT=@@CHARACTER_SET_CLIENT */;
/*!40101 SET @OLD_CHARACTER_SET_RESULTS=@@CHARACTER_SET_RESULTS */;
/*!40101 SET @OLD_COLLATION_CONNECTION=@@COLLATION_CONNECTION */;
/*!50503 SET NAMES utf8 */;
/*!40103 SET @OLD_TIME_ZONE=@@TIME_ZONE */;
/*!40103 SET TIME_ZONE='+00:00' */;
/*!40014 SET @OLD_UNIQUE_CHECKS=@@UNIQUE_CHECKS, UNIQUE_CHECKS=0 */;
/*!40014 SET @OLD_FOREIGN_KEY_CHECKS=@@FOREIGN_KEY_CHECKS, FOREIGN_KEY_CHECKS=0 */;
/*!40101 SET @OLD_SQL_MODE=@@SQL_MODE, SQL_MODE='NO_AUTO_VALUE_ON_ZERO' */;
/*!40111 SET @OLD_SQL_NOTES=@@SQL_NOTES, SQL_NOTES=0 */;

--
-- Temporary view structure for view `all_class_info`
--

DROP TABLE IF EXISTS `all_class_info`;
/*!50001 DROP VIEW IF EXISTS `all_class_info`*/;
SET @saved_cs_client     = @@character_set_client;
/*!50503 SET character_set_client = utf8mb4 */;
/*!50001 CREATE VIEW `all_class_info` AS SELECT 
 1 AS `Class ID`,
 1 AS `Professor Last Name`,
 1 AS `Professor First Name`,
 1 AS `Course Name`,
 1 AS `Course Hours`,
 1 AS `Classroom Number`,
 1 AS `Building Name`*/;
SET character_set_client = @saved_cs_client;

--
-- Table structure for table `building`
--

DROP TABLE IF EXISTS `building`;
/*!40101 SET @saved_cs_client     = @@character_set_client */;
/*!50503 SET character_set_client = utf8mb4 */;
CREATE TABLE `building` (
  `BUILDING_ID` int NOT NULL AUTO_INCREMENT,
  `BUILDING_ADDRESS_NUM` int NOT NULL,
  `BUILDING_ADDRESS_NAME` varchar(45) NOT NULL,
  `BUILDING_MAX_OCCUPANCY` int NOT NULL,
  PRIMARY KEY (`BUILDING_ID`)
) ENGINE=InnoDB AUTO_INCREMENT=6001 DEFAULT CHARSET=utf8mb4 COLLATE=utf8mb4_0900_ai_ci;
/*!40101 SET character_set_client = @saved_cs_client */;

--
-- Dumping data for table `building`
--

LOCK TABLES `building` WRITE;
/*!40000 ALTER TABLE `building` DISABLE KEYS */;
INSERT INTO `building` (`BUILDING_ID`, `BUILDING_ADDRESS_NUM`, `BUILDING_ADDRESS_NAME`, `BUILDING_MAX_OCCUPANCY`) VALUES (1000,10000,'Science',2500),(2000,20000,'Bio technology',800),(3000,30000,'Engineering',500),(4000,40000,'Art & Design',1500),(5000,50000,'Chemistry & Biology',900),(6000,60000,'Physics & Geology',1000);
/*!40000 ALTER TABLE `building` ENABLE KEYS */;
UNLOCK TABLES;

--
-- Table structure for table `class`
--

DROP TABLE IF EXISTS `class`;
/*!40101 SET @saved_cs_client     = @@character_set_client */;
/*!50503 SET character_set_client = utf8mb4 */;
CREATE TABLE `class` (
  `EVENT_ID` int NOT NULL,
  `EMPLOYEE_ID` int NOT NULL,
  `COURSE_ID` int NOT NULL,
  `CLASSROOM_ID` int NOT NULL,
  `BUILDING_ID` int NOT NULL,
  `CLASS_DOW` varchar(7) NOT NULL,
  `CLASS_SECTION` varchar(3) NOT NULL,
  `CLASS_WAITLIST_POSITION` int NOT NULL DEFAULT '0',
  PRIMARY KEY (`EVENT_ID`),
  KEY `EMPLOYEE_ID` (`EMPLOYEE_ID`),
  KEY `COURSE_ID` (`COURSE_ID`),
  KEY `CLASSROOM_ID` (`CLASSROOM_ID`),
  KEY `BUILDING_ID` (`BUILDING_ID`),
  CONSTRAINT `class_ibfk_1` FOREIGN KEY (`EVENT_ID`) REFERENCES `event` (`EVENT_ID`) ON DELETE CASCADE,
  CONSTRAINT `class_ibfk_2` FOREIGN KEY (`EMPLOYEE_ID`) REFERENCES `employee` (`EMPLOYEE_ID`) ON DELETE CASCADE,
  CONSTRAINT `class_ibfk_3` FOREIGN KEY (`COURSE_ID`) REFERENCES `course` (`COURSE_ID`) ON DELETE CASCADE,
  CONSTRAINT `class_ibfk_4` FOREIGN KEY (`CLASSROOM_ID`) REFERENCES `classroom` (`CLASSROOM_ID`) ON DELETE CASCADE,
  CONSTRAINT `class_ibfk_5` FOREIGN KEY (`BUILDING_ID`) REFERENCES `building` (`BUILDING_ID`) ON DELETE CASCADE
) ENGINE=InnoDB DEFAULT CHARSET=utf8mb4 COLLATE=utf8mb4_0900_ai_ci;
/*!40101 SET character_set_client = @saved_cs_client */;

--
-- Dumping data for table `class`
--

LOCK TABLES `class` WRITE;
/*!40000 ALTER TABLE `class` DISABLE KEYS */;
INSERT INTO `class` (`EVENT_ID`, `EMPLOYEE_ID`, `COURSE_ID`, `CLASSROOM_ID`, `BUILDING_ID`, `CLASS_DOW`, `CLASS_SECTION`, `CLASS_WAITLIST_POSITION`) VALUES (1,1906,6147,1100,1000,'MWF','001',0),(2,1914,8038,3102,3000,'MWF','001',0),(3,1917,26972,1101,1000,'MWF','001',1),(4,1924,26972,1107,1000,'MWF','001',0),(5,1926,36151,1108,1000,'MWF','001',0),(6,1928,36984,1112,1000,'MWF','001',0),(7,1930,36984,1113,1000,'MWF','001',0),(8,1940,44610,1114,1000,'MWF','001',0),(9,1906,6147,1100,1000,'TR','002',0),(10,1943,44610,1101,1000,'TR','001',0),(11,1948,45127,1107,1000,'TR','001',0),(12,1949,60571,1108,3000,'TR','001',0),(13,1951,60571,1112,3000,'TR','001',0),(14,1953,60571,1101,3000,'TR','001',1),(15,1953,65480,1107,1000,'TR','001',0),(16,1955,65480,1108,1000,'TR','001',0),(17,1964,74538,1112,1000,'TR','001',0),(18,1966,74538,1113,1000,'TR','001',0),(19,1973,89738,1101,1000,'TR','001',2),(20,1981,89738,1107,1000,'TR','001',0),(21,1981,89738,1108,1000,'TR','002',0),(22,1982,97876,1112,1000,'TR','001',0),(23,1987,97876,1113,1000,'TR','001',0),(24,1906,8038,1101,1000,'TR','001',0),(25,1914,8038,1107,1000,'TR','002',0),(26,1917,26972,1108,1000,'TR','002',0),(27,1926,36151,1112,1000,'TR','002',0),(28,1930,74538,1113,1000,'TR','001',0),(29,1940,60571,1114,1000,'TR','001',0),(30,1948,60571,3102,3000,'TR','001',0),(31,1949,8038,3101,3000,'TR','001',0),(32,1951,60571,3102,3000,'TR','002',0),(33,1964,74538,1107,1000,'TR','002',0),(34,1973,89738,1108,1000,'TR','002',0);
/*!40000 ALTER TABLE `class` ENABLE KEYS */;
UNLOCK TABLES;

--
-- Table structure for table `classroom`
--

DROP TABLE IF EXISTS `classroom`;
/*!40101 SET @saved_cs_client     = @@character_set_client */;
/*!50503 SET character_set_client = utf8mb4 */;
CREATE TABLE `classroom` (
  `CLASSROOM_ID` int NOT NULL AUTO_INCREMENT,
  `BUILDING_ID` int NOT NULL,
  `CLASSROOM_MAX_CAPACITY` int NOT NULL,
  PRIMARY KEY (`CLASSROOM_ID`,`BUILDING_ID`),
  KEY `BUILDING_ID` (`BUILDING_ID`),
  CONSTRAINT `classroom_ibfk_1` FOREIGN KEY (`BUILDING_ID`) REFERENCES `building` (`BUILDING_ID`) ON DELETE CASCADE
) ENGINE=InnoDB AUTO_INCREMENT=6111 DEFAULT CHARSET=utf8mb4 COLLATE=utf8mb4_0900_ai_ci;
/*!40101 SET character_set_client = @saved_cs_client */;

--
-- Dumping data for table `classroom`
--

LOCK TABLES `classroom` WRITE;
/*!40000 ALTER TABLE `classroom` DISABLE KEYS */;
INSERT INTO `classroom` (`CLASSROOM_ID`, `BUILDING_ID`, `CLASSROOM_MAX_CAPACITY`) VALUES (1100,1000,300),(1101,1000,2),(1107,1000,50),(1108,1000,200),(1112,1000,30),(1113,1000,50),(1114,1000,50),(2101,2000,250),(2109,2000,100),(2113,2000,20),(3101,3000,150),(3102,3000,250),(4101,4000,150),(5101,5000,50),(6110,6000,100);
/*!40000 ALTER TABLE `classroom` ENABLE KEYS */;
UNLOCK TABLES;

--
-- Table structure for table `course`
--

DROP TABLE IF EXISTS `course`;
/*!40101 SET @saved_cs_client     = @@character_set_client */;
/*!50503 SET character_set_client = utf8mb4 */;
CREATE TABLE `course` (
  `COURSE_ID` int NOT NULL AUTO_INCREMENT,
  `DEPT_ID` int NOT NULL,
  `COURSE_NAME` varchar(45) NOT NULL,
  `COURSE_HOURS` int NOT NULL,
  `COURSE_DESCRIPTION` varchar(300) NOT NULL,
  PRIMARY KEY (`COURSE_ID`),
  KEY `DEPT_ID` (`DEPT_ID`),
  CONSTRAINT `course_ibfk_1` FOREIGN KEY (`DEPT_ID`) REFERENCES `department` (`DEPT_ID`) ON DELETE CASCADE
) ENGINE=InnoDB AUTO_INCREMENT=97877 DEFAULT CHARSET=utf8mb4 COLLATE=utf8mb4_0900_ai_ci;
/*!40101 SET character_set_client = @saved_cs_client */;

--
-- Dumping data for table `course`
--

LOCK TABLES `course` WRITE;
/*!40000 ALTER TABLE `course` DISABLE KEYS */;
INSERT INTO `course` (`COURSE_ID`, `DEPT_ID`, `COURSE_NAME`, `COURSE_HOURS`, `COURSE_DESCRIPTION`) VALUES (6147,1234,'Computer Architecture',3,'Instruction set architecture, datapath and control unit design, advanced computer arithmetic, pipelining, memory hierarchy and I/O subsystem, performance issues.'),(8038,1235,'Calculus I',4,'An introduction to the concepts of limit, continuity and derivative, mean value theorem, and applications of derivatives such as velocity, acceleration, maximization, and curve sketching; introduction to the Riemann integral and the fundamental theorem of calculus.'),(26972,1234,'Data Structures',4,'Abstract data structures (stacks, queues, lists, trees), recursion, sorting, and searching. Implementation of data structures using explicit memory management, and introduction to abstract data type design and encapsulation.'),(36151,1234,'Computer Programming II',4,'Extended programming concepts including multidimensional arrays, pointers, dynamic memory allocation/deallocation and recursion. Problem solving methods, algorithm development and implementation.'),(36984,1234,'Operating Systems',3,'An introduction to the functions and major techniques of a modern multiprogramming operating system.'),(44610,1234,'Computer Programming I',4,'An introduction to computer programming emphasizing structured programming, problem solving, and algorithmic thinking. Topics include assignment, decisions, loops, methods, arrays, and use of objects.'),(45127,1234,'Database Systems',3,'Study of fundamentals of database systems. Topics include basic concepts, various data models, database design, storage systems, indexing and hashing, database application design and implementation, and commercially available database systems.'),(60571,1234,'Discrete Mathematical Structures',3,'Survey and development of theoretical tools suitable for describing algorithmic applications. Propositional and predicate calculus, proofs, induction, order notation, recurrences, and discrete structures.'),(65480,1234,'Computer Organization',3,'Programming in assembly language and understanding the macroarchitecture of a computer is emphasized. Fundamentals of digital systems are introduced, and the designs of various components used are investigated.'),(74538,1234,'Application Programming',3,'Advanced application development in a current object-oriented language. Introduction to the software life cycle, best programming practices, and modern development tools.'),(89738,1234,'Analysis of Algorithms',3,'Analysis of the performance of algorithms; discussion of programming techniques and data structures used in the writing of effective algorithms.'),(97876,1234,'Systems Programming',4,'A study of systems-level programming in a specific system (at present, Unix). Focus on concepts and tools to support the construction of systems programs.');
/*!40000 ALTER TABLE `course` ENABLE KEYS */;
UNLOCK TABLES;

--
-- Table structure for table `department`
--

DROP TABLE IF EXISTS `department`;
/*!40101 SET @saved_cs_client     = @@character_set_client */;
/*!50503 SET character_set_client = utf8mb4 */;
CREATE TABLE `department` (
  `DEPT_ID` int NOT NULL AUTO_INCREMENT,
  `EMPLOYEE_ID` int DEFAULT NULL,
  `DEPT_NAME` varchar(45) NOT NULL,
  `DEPT_FOUND_DATE` date NOT NULL,
  `DEPT_DESCRIPTION` varchar(300) DEFAULT NULL,
  PRIMARY KEY (`DEPT_ID`),
  KEY `EMPLOYEE_ID` (`EMPLOYEE_ID`),
  CONSTRAINT `department_ibfk_1` FOREIGN KEY (`EMPLOYEE_ID`) REFERENCES `department_head` (`EMPLOYEE_ID`) ON DELETE CASCADE
) ENGINE=InnoDB AUTO_INCREMENT=1236 DEFAULT CHARSET=utf8mb4 COLLATE=utf8mb4_0900_ai_ci;
/*!40101 SET character_set_client = @saved_cs_client */;

--
-- Dumping data for table `department`
--

LOCK TABLES `department` WRITE;
/*!40000 ALTER TABLE `department` DISABLE KEYS */;
INSERT INTO `department` (`DEPT_ID`, `EMPLOYEE_ID`, `DEPT_NAME`, `DEPT_FOUND_DATE`, `DEPT_DESCRIPTION`) VALUES (1234,1909,'COMPUTER SCIENCE','2019-09-09','Computer Science is the study of computers and computational systems.'),(1235,1910,'MATHEMATICS','2019-09-20','Mathematics is the science and study of quality, structure, space, and change.');
/*!40000 ALTER TABLE `department` ENABLE KEYS */;
UNLOCK TABLES;

--
-- Table structure for table `department_head`
--

DROP TABLE IF EXISTS `department_head`;
/*!40101 SET @saved_cs_client     = @@character_set_client */;
/*!50503 SET character_set_client = utf8mb4 */;
CREATE TABLE `department_head` (
  `EMPLOYEE_ID` int NOT NULL,
  `DEPT_HEAD_PHONE` varchar(10) NOT NULL,
  PRIMARY KEY (`EMPLOYEE_ID`),
  CONSTRAINT `department_head_ibfk_1` FOREIGN KEY (`EMPLOYEE_ID`) REFERENCES `employee` (`EMPLOYEE_ID`) ON DELETE CASCADE
) ENGINE=InnoDB DEFAULT CHARSET=utf8mb4 COLLATE=utf8mb4_0900_ai_ci;
/*!40101 SET character_set_client = @saved_cs_client */;

--
-- Dumping data for table `department_head`
--

LOCK TABLES `department_head` WRITE;
/*!40000 ALTER TABLE `department_head` DISABLE KEYS */;
INSERT INTO `department_head` (`EMPLOYEE_ID`, `DEPT_HEAD_PHONE`) VALUES (1909,'7778960115'),(1910,'3727812817'),(1916,'3396846653'),(1918,'3989383313'),(1922,'4753381836'),(1927,'3258072511'),(1929,'0437753604'),(1934,'7829256578'),(1941,'8432957527'),(1942,'5995972335'),(1944,'0109608439'),(1946,'3565330376'),(1950,'9686513251'),(1954,'2744088720'),(1967,'9073547014'),(1971,'7288655481'),(1972,'6186284198'),(1976,'0062871819'),(1978,'2885810000'),(1979,'4431019002'),(1980,'9232785641'),(1984,'9906888657'),(1988,'1265355769'),(1991,'7054729210'),(1992,'6337567788'),(1996,'2467896071'),(1997,'8837731752');
/*!40000 ALTER TABLE `department_head` ENABLE KEYS */;
UNLOCK TABLES;

--
-- Table structure for table `employee`
--

DROP TABLE IF EXISTS `employee`;
/*!40101 SET @saved_cs_client     = @@character_set_client */;
/*!50503 SET character_set_client = utf8mb4 */;
CREATE TABLE `employee` (
  `EMPLOYEE_ID` int NOT NULL AUTO_INCREMENT,
  `EMPLOYEE_FNAME` varchar(45) NOT NULL,
  `EMPLOYEE_LNAME` varchar(45) NOT NULL,
  `EMPLOYEE_WORK_EMAIL` varchar(320) NOT NULL,
  `EMPLOYEE_PERSONAL_EMAIL` varchar(320) NOT NULL,
  `EMPLOYEE_PHONE` varchar(10) NOT NULL,
  `EMPLOYEE_HIREDATE` date NOT NULL,
  `EMPLOYEE_TYPE` varchar(1) DEFAULT NULL,
  `EMPLOYEE_GENDER` varchar(1) NOT NULL,
  PRIMARY KEY (`EMPLOYEE_ID`),
  UNIQUE KEY `EMPLOYEE_WORK_EMAIL` (`EMPLOYEE_WORK_EMAIL`),
  UNIQUE KEY `EMPLOYEE_PERSONAL_EMAIL` (`EMPLOYEE_PERSONAL_EMAIL`),
  UNIQUE KEY `EMPLOYEE_PHONE` (`EMPLOYEE_PHONE`)
) ENGINE=InnoDB AUTO_INCREMENT=2003 DEFAULT CHARSET=utf8mb4 COLLATE=utf8mb4_0900_ai_ci;
/*!40101 SET character_set_client = @saved_cs_client */;

--
-- Dumping data for table `employee`
--

LOCK TABLES `employee` WRITE;
/*!40000 ALTER TABLE `employee` DISABLE KEYS */;
INSERT INTO `employee` (`EMPLOYEE_ID`, `EMPLOYEE_FNAME`, `EMPLOYEE_LNAME`, `EMPLOYEE_WORK_EMAIL`, `EMPLOYEE_PERSONAL_EMAIL`, `EMPLOYEE_PHONE`, `EMPLOYEE_HIREDATE`, `EMPLOYEE_TYPE`, `EMPLOYEE_GENDER`) VALUES (1903,'Chad','Boone','Chad.Boone1@companyname.edomain','ChadBoone582@gmail.com','3612209117','2021-12-22',NULL,'M'),(1904,'Amy','Wilson','Amy.Wilson1@companyname.edomain','AmyWilson667@outlook.com','9073142537','2021-10-13',NULL,'F'),(1905,'Jerry','Pearson','Jerry.Pearson1@companyname.edomain','JerryPearson914@outlook.com','5437221034','1984-04-15',NULL,'M'),(1906,'Anna','Johnson','Anna.Johnson1@companyname.edomain','AnnaJohnson738@gmail.com','7052046200','1996-07-11','P','F'),(1907,'Jeffrey','Farmer','Jeffrey.Farmer1@companyname.edomain','JeffreyFarmer26@yahoo.com','6541097245','1970-02-22','S','M'),(1908,'Melissa','Adams','Melissa.Adams1@companyname.edomain','MelissaAdams743@gmail.com','6403278174','1985-07-26',NULL,'F'),(1909,'Kevin','Garcia','Kevin.Garcia1@companyname.edomain','KevinGarcia353@gmail.com','7933248530','1991-08-08','D','M'),(1910,'Andre','Johnson','Andre.Johnson1@companyname.edomain','AndreJohnson426@yahoo.com','7572024045','2006-11-04','D','M'),(1911,'Adam','Ibarra','Adam.Ibarra1@companyname.edomain','AdamIbarra760@outlook.com','8388289205','2016-09-18',NULL,'M'),(1912,'Daniel','Henderson','Daniel.Henderson1@companyname.edomain','DanielHenderson310@outlook.com','7016119278','1971-12-23',NULL,'M'),(1913,'Joseph','Gallagher','Joseph.Gallagher1@companyname.edomain','JosephGallagher491@gmail.com','8619167623','2003-09-28',NULL,'M'),(1914,'Juan','Reed','Juan.Reed1@companyname.edomain','JuanReed375@yahoo.com','8198947139','2016-01-23','P','M'),(1915,'Colleen','Stevens','Colleen.Stevens1@companyname.edomain','ColleenStevens679@yahoo.com','2108973682','1989-09-20',NULL,'F'),(1916,'Tammy','Butler','Tammy.Butler1@companyname.edomain','TammyButler501@yahoo.com','1305801712','2007-11-13','D','F'),(1917,'Tammy','Garcia','Tammy.Garcia1@companyname.edomain','TammyGarcia662@gmail.com','2726144718','2012-10-29','P','F'),(1918,'Willie','Heath','Willie.Heath1@companyname.edomain','WillieHeath552@yahoo.com','3375149417','1978-03-24','D','M'),(1919,'Natalie','Huang','Natalie.Huang1@companyname.edomain','NatalieHuang470@outlook.com','7756611093','2018-05-25',NULL,'F'),(1920,'Jonathan','Coffey','Jonathan.Coffey1@companyname.edomain','JonathanCoffey531@yahoo.com','3105361919','2004-07-20',NULL,'M'),(1921,'Sandra','Santiago','Sandra.Santiago1@companyname.edomain','SandraSantiago583@yahoo.com','3046167773','1990-08-24',NULL,'F'),(1922,'Diane','Mcpherson','Diane.Mcpherson1@companyname.edomain','DianeMcpherson424@outlook.com','1016519849','2003-12-25','D','F'),(1923,'Sarah','Wagner','Sarah.Wagner1@companyname.edomain','SarahWagner614@gmail.com','9233353903','2010-01-30','S','F'),(1924,'Samuel','Castillo','Samuel.Castillo1@companyname.edomain','SamuelCastillo817@yahoo.com','9169715182','2020-08-11','P','M'),(1925,'Robert','Perry','Robert.Perry1@companyname.edomain','RobertPerry85@gmail.com','5631145607','1981-10-10','S','M'),(1926,'Holly','Andrade','Holly.Andrade1@companyname.edomain','HollyAndrade112@yahoo.com','2894525756','2022-10-18','P','F'),(1927,'Michael','Brooks','Michael.Brooks1@companyname.edomain','MichaelBrooks163@outlook.com','6402725471','1999-11-15','D','M'),(1928,'Mary','Rodriguez','Mary.Rodriguez1@companyname.edomain','MaryRodriguez719@outlook.com','6085852870','1981-02-20','P','F'),(1929,'Kelly','Long','Kelly.Long1@companyname.edomain','KellyLong395@outlook.com','5319154080','2003-04-29','D','F'),(1930,'Nicholas','Harrison','Nicholas.Harrison1@companyname.edomain','NicholasHarrison259@yahoo.com','6223148072','1990-12-30','P','M'),(1931,'Michael','Bird','Michael.Bird1@companyname.edomain','MichaelBird18@outlook.com','2491363625','2010-05-14',NULL,'M'),(1932,'Laura','Holland','Laura.Holland1@companyname.edomain','LauraHolland557@gmail.com','7459169463','1981-06-22',NULL,'F'),(1933,'Jonathan','Hendrix','Jonathan.Hendrix1@companyname.edomain','JonathanHendrix536@yahoo.com','1315046263','2022-06-08',NULL,'M'),(1934,'Curtis','Mora','Curtis.Mora1@companyname.edomain','CurtisMora755@outlook.com','2283171777','2007-04-26','D','M'),(1935,'David','Palmer','David.Palmer1@companyname.edomain','DavidPalmer879@gmail.com','4174053592','2009-04-27',NULL,'M'),(1936,'Heather','Browning','Heather.Browning1@companyname.edomain','HeatherBrowning133@gmail.com','6749991621','2014-11-10','S','F'),(1937,'Kimberly','Krueger','Kimberly.Krueger1@companyname.edomain','KimberlyKrueger175@yahoo.com','7376211613','1970-05-22',NULL,'F'),(1938,'James','Vincent','James.Vincent1@companyname.edomain','JamesVincent355@gmail.com','3106878093','2020-05-23','S','M'),(1939,'Kayla','Anderson','Kayla.Anderson1@companyname.edomain','KaylaAnderson106@yahoo.com','4994039259','2008-03-14',NULL,'F'),(1940,'Daniel','Herring','Daniel.Herring1@companyname.edomain','DanielHerring333@yahoo.com','9925115609','2002-09-27','P','M'),(1941,'Sergio','Hudson','Sergio.Hudson1@companyname.edomain','SergioHudson205@outlook.com','9306763214','1983-08-08','D','M'),(1942,'Teresa','Gutierrez','Teresa.Gutierrez1@companyname.edomain','TeresaGutierrez218@outlook.com','7901987213','1994-04-13','D','F'),(1943,'Jennifer','Smith','Jennifer.Smith1@companyname.edomain','JenniferSmith786@yahoo.com','3401661661','2006-10-03','P','F'),(1944,'Marcus','Salazar','Marcus.Salazar1@companyname.edomain','MarcusSalazar173@gmail.com','6513185391','2001-03-06','D','M'),(1945,'Lindsay','Ballard','Lindsay.Ballard1@companyname.edomain','LindsayBallard376@outlook.com','4482165771','2013-03-28','S','F'),(1946,'Cassandra','Silva','Cassandra.Silva1@companyname.edomain','CassandraSilva138@yahoo.com','6648882708','1976-03-26','D','F'),(1947,'Robert','Robles','Robert.Robles1@companyname.edomain','RobertRobles416@gmail.com','4899863413','1987-05-17','S','M'),(1948,'Amanda','Acevedo','Amanda.Acevedo1@companyname.edomain','AmandaAcevedo117@yahoo.com','7019007193','1974-10-18','P','F'),(1949,'Bradley','Smith','Bradley.Smith1@companyname.edomain','BradleySmith579@gmail.com','3734735842','1970-12-28','P','M'),(1950,'Nicole','Campbell','Nicole.Campbell1@companyname.edomain','NicoleCampbell918@outlook.com','2109051749','1988-04-13','D','F'),(1951,'Brian','Weber','Brian.Weber1@companyname.edomain','BrianWeber628@yahoo.com','1141937775','1993-06-09','P','M'),(1952,'Dylan','Jackson','Dylan.Jackson1@companyname.edomain','DylanJackson192@gmail.com','9047007897','1987-05-15','S','M'),(1953,'Joseph','Jackson','Joseph.Jackson1@companyname.edomain','JosephJackson461@gmail.com','7973473604','1988-07-28','P','M'),(1954,'Mariah','Phillips','Mariah.Phillips1@companyname.edomain','MariahPhillips932@outlook.com','9256555817','2017-10-24','D','F'),(1955,'Erica','Wells','Erica.Wells1@companyname.edomain','EricaWells322@gmail.com','3127676200','1971-08-11','P','F'),(1956,'Eric','Cooper','Eric.Cooper1@companyname.edomain','EricCooper10@outlook.com','8437106246','1982-10-18',NULL,'M'),(1957,'Deanna','King','Deanna.King1@companyname.edomain','DeannaKing320@outlook.com','1641656199','2019-09-09',NULL,'F'),(1958,'Jordan','Clark','Jordan.Clark1@companyname.edomain','JordanClark256@gmail.com','9037329895','2011-03-20',NULL,'M'),(1959,'Jessica','Cantrell','Jessica.Cantrell1@companyname.edomain','JessicaCantrell265@gmail.com','6543126035','1985-05-03','S','F'),(1960,'Albert','Thomas','Albert.Thomas1@companyname.edomain','AlbertThomas369@gmail.com','9393872464','2018-12-01',NULL,'M'),(1961,'Tyler','Griffin','Tyler.Griffin1@companyname.edomain','TylerGriffin667@yahoo.com','7584474726','2004-06-15',NULL,'M'),(1962,'Megan','Stephens','Megan.Stephens1@companyname.edomain','MeganStephens42@outlook.com','2914245961','1985-01-05','S','F'),(1963,'Vanessa','Mccoy','Vanessa.Mccoy1@companyname.edomain','VanessaMccoy103@yahoo.com','7266922508','2017-04-19','S','F'),(1964,'Jose','Walker','Jose.Walker1@companyname.edomain','JoseWalker20@gmail.com','5111745391','2014-02-17','P','M'),(1965,'Andre','Leonard','Andre.Leonard1@companyname.edomain','AndreLeonard22@yahoo.com','1103976884','1991-11-11',NULL,'M'),(1966,'Mary','Simmons','Mary.Simmons1@companyname.edomain','MarySimmons883@gmail.com','2036136375','2020-03-08','P','F'),(1967,'Edwin','Faulkner','Edwin.Faulkner1@companyname.edomain','EdwinFaulkner183@gmail.com','2449416239','1973-03-25','D','M'),(1968,'Eric','Garrison','Eric.Garrison1@companyname.edomain','EricGarrison726@yahoo.com','9547165808','1991-02-14','S','M'),(1969,'Thomas','Evans','Thomas.Evans1@companyname.edomain','ThomasEvans145@yahoo.com','8391326178','1980-10-07','S','M'),(1970,'Jason','King','Jason.King1@companyname.edomain','JasonKing306@outlook.com','6502611795','1970-07-30','S','M'),(1971,'Kristina','Jefferson','Kristina.Jefferson1@companyname.edomain','KristinaJefferson796@gmail.com','7985578047','2010-03-11','D','F'),(1972,'Sabrina','Rivers','Sabrina.Rivers1@companyname.edomain','SabrinaRivers871@yahoo.com','5641117483','2008-10-22','D','F'),(1973,'Joel','Carey','Joel.Carey1@companyname.edomain','JoelCarey264@outlook.com','1249127826','2017-11-28','P','M'),(1974,'Marcus','Johnson','Marcus.Johnson1@companyname.edomain','MarcusJohnson708@outlook.com','6932413050','1983-08-22','S','M'),(1975,'Hannah','Harris','Hannah.Harris1@companyname.edomain','HannahHarris848@outlook.com','5076777571','2015-11-17','S','F'),(1976,'Steven','Vargas','Steven.Vargas1@companyname.edomain','StevenVargas239@outlook.com','1072819662','2003-07-04','D','M'),(1977,'Ashley','Wade','Ashley.Wade1@companyname.edomain','AshleyWade952@yahoo.com','7548484698','1990-02-23','S','F'),(1978,'Kathy','Smith','Kathy.Smith1@companyname.edomain','KathySmith506@yahoo.com','5903307754','2011-08-28','D','F'),(1979,'Shelby','Yoder','Shelby.Yoder1@companyname.edomain','ShelbyYoder995@yahoo.com','3241492172','1971-03-26','D','F'),(1980,'Christopher','Mathews','Christopher.Mathews1@companyname.edomain','ChristopherMathews523@gmail.com','4194055908','2008-05-02','D','M'),(1981,'Richard','Morgan','Richard.Morgan1@companyname.edomain','RichardMorgan718@yahoo.com','8545752392','1984-06-30','P','M'),(1982,'Deborah','Davis','Deborah.Davis1@companyname.edomain','DeborahDavis180@gmail.com','3565364565','1995-10-22','P','F'),(1983,'Tara','Cooper','Tara.Cooper1@companyname.edomain','TaraCooper697@outlook.com','8347526701','2016-10-04',NULL,'F'),(1984,'Joseph','Tate','Joseph.Tate1@companyname.edomain','JosephTate557@yahoo.com','1416362481','2006-03-28','D','M'),(1985,'David','Swanson','David.Swanson1@companyname.edomain','DavidSwanson273@yahoo.com','1852422343','1975-10-06',NULL,'M'),(1986,'Casey','Jackson','Casey.Jackson1@companyname.edomain','CaseyJackson994@outlook.com','9215437508','2006-08-17','S','M'),(1987,'Christy','Malone','Christy.Malone1@companyname.edomain','ChristyMalone448@gmail.com','7375994473','2010-11-05','P','F'),(1988,'Katie','Scott','Katie.Scott1@companyname.edomain','KatieScott615@yahoo.com','5182205841','1993-01-22','D','F'),(1989,'Gerald','Carter','Gerald.Carter1@companyname.edomain','GeraldCarter387@yahoo.com','6721044110','2011-02-07',NULL,'M'),(1990,'Richard','Espinoza','Richard.Espinoza1@companyname.edomain','RichardEspinoza31@yahoo.com','7203485266','2003-04-07','S','M'),(1991,'Chad','Arnold','Chad.Arnold1@companyname.edomain','ChadArnold291@gmail.com','6553055476','1977-02-04','D','M'),(1992,'Erica','Russell','Erica.Russell1@companyname.edomain','EricaRussell852@yahoo.com','5579103752','1995-11-16','D','F'),(1993,'Sharon','French','Sharon.French1@companyname.edomain','SharonFrench430@gmail.com','8873137279','1978-07-05','S','F'),(1994,'Glenda','Gilbert','Glenda.Gilbert1@companyname.edomain','GlendaGilbert830@gmail.com','9261242934','1995-09-23','P','F'),(1995,'Angela','Pierce','Angela.Pierce1@companyname.edomain','AngelaPierce988@yahoo.com','8798413237','2008-07-07','P','F'),(1996,'Angela','Adams','Angela.Adams1@companyname.edomain','AngelaAdams586@outlook.com','5476156846','1990-02-10','D','F'),(1997,'Justin','Buckley','Justin.Buckley1@companyname.edomain','JustinBuckley126@outlook.com','8355606737','2001-02-24','D','M'),(1998,'Stephanie','Rodriguez','Stephanie.Rodriguez1@companyname.edomain','StephanieRodriguez347@yahoo.com','7996859065','1973-02-11','P','F'),(1999,'Samantha','Smith','Samantha.Smith1@companyname.edomain','SamanthaSmith391@gmail.com','6701035548','2015-08-16','S','F'),(2000,'Alexis','Gutierrez','Alexis.Gutierrez1@companyname.edomain','AlexisGutierrez615@yahoo.com','5188626002','1972-09-21','S','F'),(2001,'Chelsea','Floyd','Chelsea.Floyd1@companyname.edomain','ChelseaFloyd634@yahoo.com','6433026888','2009-12-06','P','F'),(2002,'Jennifer','Wilson','Jennifer.Wilson1@companyname.edomain','JenniferWilson593@outlook.com','5144442109','1981-05-23',NULL,'F');
/*!40000 ALTER TABLE `employee` ENABLE KEYS */;
UNLOCK TABLES;

--
-- Table structure for table `enroll`
--

DROP TABLE IF EXISTS `enroll`;
/*!40101 SET @saved_cs_client     = @@character_set_client */;
/*!50503 SET character_set_client = utf8mb4 */;
CREATE TABLE `enroll` (
  `STUDENT_ID` int NOT NULL,
  `EVENT_ID` int NOT NULL,
  `ENROLL_DATETIME` datetime NOT NULL,
  `ENROLL_WAITLIST_FLAG` varchar(1) NOT NULL DEFAULT '0',
  PRIMARY KEY (`STUDENT_ID`,`EVENT_ID`),
  KEY `EVENT_ID` (`EVENT_ID`),
  CONSTRAINT `enroll_ibfk_1` FOREIGN KEY (`STUDENT_ID`) REFERENCES `student` (`STUDENT_ID`) ON DELETE CASCADE,
  CONSTRAINT `enroll_ibfk_2` FOREIGN KEY (`EVENT_ID`) REFERENCES `class` (`EVENT_ID`) ON DELETE CASCADE
) ENGINE=InnoDB DEFAULT CHARSET=utf8mb4 COLLATE=utf8mb4_0900_ai_ci;
/*!40101 SET character_set_client = @saved_cs_client */;

--
-- Dumping data for table `enroll`
--

LOCK TABLES `enroll` WRITE;
/*!40000 ALTER TABLE `enroll` DISABLE KEYS */;
INSERT INTO `enroll` (`STUDENT_ID`, `EVENT_ID`, `ENROLL_DATETIME`, `ENROLL_WAITLIST_FLAG`) VALUES (2057,3,'2003-09-10 18:13:03','0'),(2061,3,'2003-11-10 15:58:06','0'),(2085,6,'1992-06-21 04:06:03','0'),(2090,18,'1996-03-11 05:48:46','0'),(2136,6,'1991-10-13 22:23:39','0'),(2139,17,'1998-08-15 05:52:26','0'),(2185,13,'2013-07-31 07:43:32','0'),(2198,6,'2006-12-14 08:15:30','0'),(2208,22,'1976-06-15 15:28:30','0'),(2243,6,'1987-09-23 23:13:05','0'),(2296,15,'2009-03-04 14:32:36','0'),(2312,22,'2015-06-21 01:35:46','0'),(2323,10,'1976-03-17 11:47:52','0'),(2342,19,'1994-05-14 00:56:31','0'),(2343,7,'1984-11-12 01:26:19','0'),(2348,29,'2000-02-16 07:33:33','0'),(2433,13,'1974-04-15 23:57:26','0'),(2439,3,'2008-08-14 11:31:35','1'),(2446,16,'1976-03-27 18:57:58','0'),(2473,19,'1970-01-29 18:49:50','1'),(2511,16,'2007-08-08 03:24:51','0'),(2539,14,'1989-10-23 16:18:06','1'),(2552,19,'1992-02-17 03:07:33','1'),(2556,21,'1991-07-09 16:16:28','0'),(2570,10,'1979-06-24 02:49:29','0'),(2589,31,'1986-03-28 17:12:57','0'),(2590,4,'1975-01-07 12:18:29','0'),(2621,34,'1990-07-07 19:43:23','0'),(2674,19,'1997-02-20 10:40:11','0'),(2678,31,'2003-01-25 16:37:16','0'),(2692,7,'1979-07-06 14:46:20','0'),(2704,14,'1980-01-01 18:14:04','0'),(2712,33,'2007-05-04 00:12:04','0'),(2721,8,'2007-03-29 07:14:03','0'),(2738,28,'1982-11-21 04:30:18','0'),(2781,28,'2017-12-27 08:34:11','0'),(2788,6,'1983-10-30 06:14:33','0'),(2790,14,'1990-08-22 21:09:22','0'),(2818,11,'1989-10-04 01:58:02','0'),(2845,21,'1986-08-07 04:08:29','0'),(2845,27,'1996-03-20 01:24:38','0'),(2858,34,'2003-04-19 15:32:24','0'),(2873,1,'2008-02-05 22:36:42','0'),(2915,18,'1978-06-30 17:13:25','0'),(2968,6,'2003-08-03 02:50:57','0'),(2979,32,'1992-08-23 19:43:28','0'),(3023,7,'1987-01-18 22:34:49','0'),(3033,29,'1976-09-20 01:35:57','0'),(3052,26,'1987-08-15 19:14:57','0'),(3053,22,'1989-07-29 06:17:38','0'),(3059,7,'1976-05-07 08:33:58','0'),(3067,22,'1994-01-28 09:35:13','0');
/*!40000 ALTER TABLE `enroll` ENABLE KEYS */;
UNLOCK TABLES;
/*!50003 SET @saved_cs_client      = @@character_set_client */ ;
/*!50003 SET @saved_cs_results     = @@character_set_results */ ;
/*!50003 SET @saved_col_connection = @@collation_connection */ ;
/*!50003 SET character_set_client  = utf8mb4 */ ;
/*!50003 SET character_set_results = utf8mb4 */ ;
/*!50003 SET collation_connection  = utf8mb4_0900_ai_ci */ ;
/*!50003 SET @saved_sql_mode       = @@sql_mode */ ;
/*!50003 SET sql_mode              = 'STRICT_TRANS_TABLES,NO_ENGINE_SUBSTITUTION' */ ;
DELIMITER ;;
/*!50003 CREATE*/ /*!50017 DEFINER=`root`@`localhost`*/ /*!50003 TRIGGER `enroll_ins_waitlist_flag` BEFORE INSERT ON `enroll` FOR EACH ROW BEGIN
	DECLARE iVal BOOLEAN;
	CALL is_class_available(iVal, NEW.EVENT_ID);
    
	IF NOT iVal
	THEN
    SET NEW.ENROLL_WAITLIST_FLAG='1';
    UPDATE CLASS
    SET CLASS.CLASS_WAITLIST_POSITION=CLASS.CLASS_WAITLIST_POSITION+1
    WHERE CLASS.EVENT_ID=NEW.EVENT_ID;
    END IF;
END */;;
DELIMITER ;
/*!50003 SET sql_mode              = @saved_sql_mode */ ;
/*!50003 SET character_set_client  = @saved_cs_client */ ;
/*!50003 SET character_set_results = @saved_cs_results */ ;
/*!50003 SET collation_connection  = @saved_col_connection */ ;

--
-- Table structure for table `event`
--

DROP TABLE IF EXISTS `event`;
/*!40101 SET @saved_cs_client     = @@character_set_client */;
/*!50503 SET character_set_client = utf8mb4 */;
CREATE TABLE `event` (
  `EVENT_ID` int NOT NULL AUTO_INCREMENT,
  `EVENT_NAME` varchar(70) NOT NULL,
  `EVENT_TIME_START` varchar(10) NOT NULL,
  `EVENT_TIME_END` varchar(10) NOT NULL,
  `EVENT_TYPE` varchar(1) DEFAULT NULL,
  PRIMARY KEY (`EVENT_ID`)
) ENGINE=InnoDB AUTO_INCREMENT=35 DEFAULT CHARSET=utf8mb4 COLLATE=utf8mb4_0900_ai_ci;
/*!40101 SET character_set_client = @saved_cs_client */;

--
-- Dumping data for table `event`
--

LOCK TABLES `event` WRITE;
/*!40000 ALTER TABLE `event` DISABLE KEYS */;
INSERT INTO `event` (`EVENT_ID`, `EVENT_NAME`, `EVENT_TIME_START`, `EVENT_TIME_END`, `EVENT_TYPE`) VALUES (1,'Class','1:00','1:50','C'),(2,'Class','1:00','1:50','C'),(3,'Class','1:00','1:50','C'),(4,'Class','1:00','1:50','C'),(5,'Class','1:00','1:50','C'),(6,'Class','1:00','1:50','C'),(7,'Class','1:00','1:50','C'),(8,'Class','1:00','1:50','C'),(9,'Class','10:00','11:15','C'),(10,'Class','10:00','11:15','C'),(11,'Class','10:00','11:15','C'),(12,'Class','10:00','11:15','C'),(13,'Class','10:00','11:15','C'),(14,'Class','8:00','9:15','C'),(15,'Class','8:00','9:15','C'),(16,'Class','8:00','9:15','C'),(17,'Class','8:00','9:15','C'),(18,'Class','8:00','9:15','C'),(19,'Class','2:00','3:15','C'),(20,'Class','2:00','3:15','C'),(21,'Class','2:00','3:15','C'),(22,'Class','2:00','3:15','C'),(23,'Class','2:00','3:15','C'),(24,'Class','4:30','5:45','C'),(25,'Class','4:30','5:45','C'),(26,'Class','4:30','5:45','C'),(27,'Class','4:30','5:45','C'),(28,'Class','4:30','5:45','C'),(29,'Class','4:30','5:45','C'),(30,'Class','4:30','5:45','C'),(31,'Class','6:00','7:15','C'),(32,'Class','6:00','7:15','C'),(33,'Class','6:00','7:15','C'),(34,'Class','6:00','7:15','C');
/*!40000 ALTER TABLE `event` ENABLE KEYS */;
UNLOCK TABLES;

--
-- Table structure for table `professor`
--

DROP TABLE IF EXISTS `professor`;
/*!40101 SET @saved_cs_client     = @@character_set_client */;
/*!50503 SET character_set_client = utf8mb4 */;
CREATE TABLE `professor` (
  `EMPLOYEE_ID` int NOT NULL AUTO_INCREMENT,
  `PROFESSOR_EDU_LEVEL` varchar(45) NOT NULL,
  PRIMARY KEY (`EMPLOYEE_ID`),
  CONSTRAINT `professor_ibfk_1` FOREIGN KEY (`EMPLOYEE_ID`) REFERENCES `employee` (`EMPLOYEE_ID`) ON DELETE CASCADE
) ENGINE=InnoDB AUTO_INCREMENT=2002 DEFAULT CHARSET=utf8mb4 COLLATE=utf8mb4_0900_ai_ci;
/*!40101 SET character_set_client = @saved_cs_client */;

--
-- Dumping data for table `professor`
--

LOCK TABLES `professor` WRITE;
/*!40000 ALTER TABLE `professor` DISABLE KEYS */;
INSERT INTO `professor` (`EMPLOYEE_ID`, `PROFESSOR_EDU_LEVEL`) VALUES (1906,'Masters'),(1914,'Masters'),(1917,'Masters'),(1924,'Masters'),(1926,'PhD'),(1928,'Masters'),(1930,'Masters'),(1940,'Masters'),(1943,'Masters'),(1948,'Masters'),(1949,'Masters'),(1951,'Masters'),(1953,'Masters'),(1955,'Masters'),(1964,'PhD'),(1966,'Masters'),(1973,'Masters'),(1981,'Masters'),(1982,'Masters'),(1987,'Masters'),(1994,'Masters'),(1995,'PhD'),(1998,'Masters'),(2001,'Masters');
/*!40000 ALTER TABLE `professor` ENABLE KEYS */;
UNLOCK TABLES;

--
-- Table structure for table `student`
--

DROP TABLE IF EXISTS `student`;
/*!40101 SET @saved_cs_client     = @@character_set_client */;
/*!50503 SET character_set_client = utf8mb4 */;
CREATE TABLE `student` (
  `STUDENT_ID` int NOT NULL AUTO_INCREMENT,
  `STUDENT_FNAME` varchar(45) NOT NULL,
  `STUDENT_LNAME` varchar(45) NOT NULL,
  `STUDENT_SCHOOL_EMAIL` varchar(320) NOT NULL,
  `STUDENT_PERSONAL_EMAIL` varchar(320) NOT NULL,
  `STUDENT_GENDER` varchar(1) NOT NULL,
  `STUDENT_STREET_NAME` varchar(45) NOT NULL,
  `STUDENT_STREET_NUMBER` varchar(10) NOT NULL,
  `STUDENT_SENIORITY` varchar(9) NOT NULL,
  PRIMARY KEY (`STUDENT_ID`),
  UNIQUE KEY `STUDENT_SCHOOL_EMAIL` (`STUDENT_SCHOOL_EMAIL`),
  UNIQUE KEY `STUDENT_PERSONAL_EMAIL` (`STUDENT_PERSONAL_EMAIL`)
) ENGINE=InnoDB AUTO_INCREMENT=3081 DEFAULT CHARSET=utf8mb4 COLLATE=utf8mb4_0900_ai_ci;
/*!40101 SET character_set_client = @saved_cs_client */;

--
-- Dumping data for table `student`
--

LOCK TABLES `student` WRITE;
/*!40000 ALTER TABLE `student` DISABLE KEYS */;
INSERT INTO `student` (`STUDENT_ID`, `STUDENT_FNAME`, `STUDENT_LNAME`, `STUDENT_SCHOOL_EMAIL`, `STUDENT_PERSONAL_EMAIL`, `STUDENT_GENDER`, `STUDENT_STREET_NAME`, `STUDENT_STREET_NUMBER`, `STUDENT_SENIORITY`) VALUES (2057,'Sarah','Chang','Sarah.Chang1@somethinglike.utsa.edu','SarahChang776@outlook.com','F','Williams Pass','6475','Freshman'),(2058,'Lauren','Odonnell','Lauren.Odonnell1@somethinglike.utsa.edu','LaurenOdonnell988@yahoo.com','F','Juan Throughway','94892','Senior'),(2059,'Emily','Blair','Emily.Blair1@somethinglike.utsa.edu','EmilyBlair940@outlook.com','F','Kennedy Courts','6593','Senior'),(2060,'Tracy','Woods','Tracy.Woods1@somethinglike.utsa.edu','TracyWoods597@gmail.com','F','Brown Plaza','16097','Sophomore'),(2061,'Samantha','Cook','Samantha.Cook1@somethinglike.utsa.edu','SamanthaCook143@gmail.com','F','Padilla Circles','93328','Junior'),(2062,'Jerome','Miller','Jerome.Miller1@somethinglike.utsa.edu','JeromeMiller317@gmail.com','M','Golden Overpass','48418','Freshman'),(2063,'Faith','Nielsen','Faith.Nielsen1@somethinglike.utsa.edu','FaithNielsen483@yahoo.com','F','Tamara Rapids','947','Freshman'),(2064,'Anna','Yates','Anna.Yates1@somethinglike.utsa.edu','AnnaYates444@outlook.com','F','Johnston Highway','32094','Sophomore'),(2065,'Karen','Davis','Karen.Davis1@somethinglike.utsa.edu','KarenDavis453@yahoo.com','F','Nancy Camp','86848','Junior'),(2066,'Robert','Atkinson','Robert.Atkinson1@somethinglike.utsa.edu','RobertAtkinson824@yahoo.com','M','Riley Mission','5159','Freshman'),(2067,'Brian','Matthews','Brian.Matthews1@somethinglike.utsa.edu','BrianMatthews736@outlook.com','M','Bruce Gardens','41352','Freshman'),(2068,'Faith','Cabrera','Faith.Cabrera1@somethinglike.utsa.edu','FaithCabrera847@outlook.com','F','Krista Walk','309','Sophomore'),(2069,'Madison','Zuniga','Madison.Zuniga1@somethinglike.utsa.edu','MadisonZuniga720@gmail.com','F','Anthony Roads','99161','Sophomore'),(2070,'Jacob','Hooper','Jacob.Hooper1@somethinglike.utsa.edu','JacobHooper244@gmail.com','M','Catherine Fields','17300','Senior'),(2071,'Joshua','Oliver','Joshua.Oliver1@somethinglike.utsa.edu','JoshuaOliver82@outlook.com','M','Jones Cliffs','456','Senior'),(2072,'Christopher','Gordon','Christopher.Gordon1@somethinglike.utsa.edu','ChristopherGordon308@yahoo.com','M','Candace Squares','3457','Junior'),(2073,'Ryan','Sellers','Ryan.Sellers1@somethinglike.utsa.edu','RyanSellers560@outlook.com','M','Heidi Ford','22584','Sophomore'),(2074,'Autumn','Morse','Autumn.Morse1@somethinglike.utsa.edu','AutumnMorse455@gmail.com','F','Alexander Springs','9845','Senior'),(2075,'Jasmine','Sandoval','Jasmine.Sandoval1@somethinglike.utsa.edu','JasmineSandoval589@gmail.com','F','Ann Bridge','1508','Junior'),(2076,'Douglas','Allen','Douglas.Allen1@somethinglike.utsa.edu','DouglasAllen193@gmail.com','M','Bell Heights','599','Freshman'),(2077,'Brandi','Collins','Brandi.Collins1@somethinglike.utsa.edu','BrandiCollins487@gmail.com','F','Poole Common','93523','Freshman'),(2078,'Daniel','West','Daniel.West1@somethinglike.utsa.edu','DanielWest897@gmail.com','M','Johnson Well','960','Freshman'),(2079,'Christopher','Brown','Christopher.Brown1@somethinglike.utsa.edu','ChristopherBrown919@yahoo.com','M','Sean Oval','900','Senior'),(2080,'Kathleen','Collins','Kathleen.Collins1@somethinglike.utsa.edu','KathleenCollins534@gmail.com','F','Williams View','3812','Sophomore'),(2081,'Victoria','Morales','Victoria.Morales1@somethinglike.utsa.edu','VictoriaMorales593@outlook.com','F','Stewart Forest','08913','Senior'),(2082,'Barbara','Banks','Barbara.Banks1@somethinglike.utsa.edu','BarbaraBanks676@yahoo.com','F','Ramirez Falls','76104','Junior'),(2083,'Thomas','Marsh','Thomas.Marsh1@somethinglike.utsa.edu','ThomasMarsh332@yahoo.com','M','Michelle Dale','851','Freshman'),(2084,'Shelby','Ramirez','Shelby.Ramirez1@somethinglike.utsa.edu','ShelbyRamirez601@yahoo.com','F','Bobby Ford','485','Junior'),(2085,'Travis','Mays','Travis.Mays1@somethinglike.utsa.edu','TravisMays248@gmail.com','M','Meghan Squares','776','Junior'),(2086,'Jaime','Medina','Jaime.Medina1@somethinglike.utsa.edu','JaimeMedina722@gmail.com','M','Nicholas Highway','22455','Junior'),(2087,'Richard','Higgins','Richard.Higgins1@somethinglike.utsa.edu','RichardHiggins340@outlook.com','M','Chan Camp','42294','Freshman'),(2088,'Isaac','Hays','Isaac.Hays1@somethinglike.utsa.edu','IsaacHays801@gmail.com','M','Kelly Neck','304','Sophomore'),(2089,'Christopher','Mills','Christopher.Mills1@somethinglike.utsa.edu','ChristopherMills836@yahoo.com','M','Kevin Village','4611','Freshman'),(2090,'Justin','Olson','Justin.Olson1@somethinglike.utsa.edu','JustinOlson127@yahoo.com','M','Randall Valleys','1717','Sophomore'),(2091,'Jeffery','Turner','Jeffery.Turner1@somethinglike.utsa.edu','JefferyTurner400@gmail.com','M','Samantha Road','611','Junior'),(2092,'Robert','Gonzalez','Robert.Gonzalez1@somethinglike.utsa.edu','RobertGonzalez37@yahoo.com','M','Bruce Branch','68847','Freshman'),(2093,'Thomas','Kramer','Thomas.Kramer1@somethinglike.utsa.edu','ThomasKramer984@gmail.com','M','Rodney Land','49263','Freshman'),(2094,'Heather','Brown','Heather.Brown1@somethinglike.utsa.edu','HeatherBrown215@yahoo.com','F','Rebecca Mission','317','Freshman'),(2095,'James','Clark','James.Clark1@somethinglike.utsa.edu','JamesClark557@outlook.com','M','Wendy Union','92137','Freshman'),(2096,'Jamie','Payne','Jamie.Payne1@somethinglike.utsa.edu','JamiePayne71@gmail.com','F','Daniel Ranch','2966','Freshman'),(2097,'Sherry','Simpson','Sherry.Simpson1@somethinglike.utsa.edu','SherrySimpson358@outlook.com','F','Bass Parks','389','Sophomore'),(2098,'Timothy','Smith','Timothy.Smith1@somethinglike.utsa.edu','TimothySmith515@outlook.com','M','Meyers Camp','249','Freshman'),(2099,'Richard','Kirby','Richard.Kirby1@somethinglike.utsa.edu','RichardKirby716@outlook.com','M','Robbins Valley','1180','Sophomore'),(2100,'Andrea','Anderson','Andrea.Anderson1@somethinglike.utsa.edu','AndreaAnderson367@yahoo.com','F','Smith Vista','5227','Senior'),(2101,'Warren','Wagner','Warren.Wagner1@somethinglike.utsa.edu','WarrenWagner714@yahoo.com','M','Audrey Springs','916','Sophomore'),(2102,'Taylor','Harris','Taylor.Harris1@somethinglike.utsa.edu','TaylorHarris807@yahoo.com','M','Petersen Orchard','9930','Sophomore'),(2103,'Matthew','Smith','Matthew.Smith1@somethinglike.utsa.edu','MatthewSmith350@yahoo.com','M','Kevin Port','5174','Junior'),(2104,'Tommy','Turner','Tommy.Turner1@somethinglike.utsa.edu','TommyTurner611@outlook.com','M','Cruz Lights','22345','Sophomore'),(2105,'Anthony','Johnson','Anthony.Johnson1@somethinglike.utsa.edu','AnthonyJohnson482@yahoo.com','M','Thomas Way','125','Senior'),(2106,'Jennifer','Carr','Jennifer.Carr1@somethinglike.utsa.edu','JenniferCarr664@outlook.com','F','Ellis Courts','2009','Senior'),(2107,'Lisa','Soto','Lisa.Soto1@somethinglike.utsa.edu','LisaSoto157@yahoo.com','F','Isabel Run','3671','Freshman'),(2108,'Sierra','Bishop','Sierra.Bishop1@somethinglike.utsa.edu','SierraBishop759@gmail.com','F','Mendez Junction','194','Junior'),(2109,'Richard','Martinez','Richard.Martinez1@somethinglike.utsa.edu','RichardMartinez557@outlook.com','M','Lloyd Summit','183','Sophomore'),(2110,'Andrew','Myers','Andrew.Myers1@somethinglike.utsa.edu','AndrewMyers780@outlook.com','M','Sherman Motorway','1007','Junior'),(2111,'Dawn','Johnson','Dawn.Johnson1@somethinglike.utsa.edu','DawnJohnson689@outlook.com','F','Jerry Trail','886','Sophomore'),(2112,'Katie','Dougherty','Katie.Dougherty1@somethinglike.utsa.edu','KatieDougherty397@yahoo.com','F','Ronald Port','1161','Senior'),(2113,'Brett','Ayala','Brett.Ayala1@somethinglike.utsa.edu','BrettAyala1@yahoo.com','M','Lacey Meadows','607','Sophomore'),(2114,'Tamara','Rivers','Tamara.Rivers1@somethinglike.utsa.edu','TamaraRivers163@gmail.com','F','Miller Cliffs','50552','Sophomore'),(2115,'Alexandra','Mccann','Alexandra.Mccann1@somethinglike.utsa.edu','AlexandraMccann387@yahoo.com','F','Jones Divide','03104','Senior'),(2116,'Jacob','Johnson','Jacob.Johnson1@somethinglike.utsa.edu','JacobJohnson411@yahoo.com','M','Michele Ferry','1754','Senior'),(2117,'Carlos','Levy','Carlos.Levy1@somethinglike.utsa.edu','CarlosLevy169@outlook.com','M','Rogers Highway','8529','Freshman'),(2118,'Wendy','Garcia','Wendy.Garcia1@somethinglike.utsa.edu','WendyGarcia718@gmail.com','F','Moore Drive','35833','Senior'),(2119,'Nicole','Carter','Nicole.Carter1@somethinglike.utsa.edu','NicoleCarter929@yahoo.com','F','Alvarado Wall','90611','Freshman'),(2120,'Carlos','Evans','Carlos.Evans1@somethinglike.utsa.edu','CarlosEvans506@outlook.com','M','Yang Divide','645','Junior'),(2121,'Angela','Wallace','Angela.Wallace1@somethinglike.utsa.edu','AngelaWallace51@outlook.com','F','Walsh Pines','66065','Sophomore'),(2122,'Jeremy','Watson','Jeremy.Watson1@somethinglike.utsa.edu','JeremyWatson857@yahoo.com','M','Davis Ferry','41892','Sophomore'),(2123,'Robert','Griffin','Robert.Griffin1@somethinglike.utsa.edu','RobertGriffin411@yahoo.com','M','Lopez Manor','2375','Senior'),(2124,'Teresa','Thomas','Teresa.Thomas1@somethinglike.utsa.edu','TeresaThomas3@gmail.com','F','Welch Corners','3407','Freshman'),(2125,'Malik','Smith','Malik.Smith1@somethinglike.utsa.edu','MalikSmith842@yahoo.com','M','Wilson Roads','8926','Freshman'),(2126,'Michael','Ruiz','Michael.Ruiz1@somethinglike.utsa.edu','MichaelRuiz121@yahoo.com','M','Wolf Fort','640','Sophomore'),(2127,'Barbara','Stephenson','Barbara.Stephenson1@somethinglike.utsa.edu','BarbaraStephenson286@yahoo.com','F','Aaron Locks','967','Sophomore'),(2128,'Brian','King','Brian.King1@somethinglike.utsa.edu','BrianKing487@outlook.com','M','Savage Spring','91014','Freshman'),(2129,'Eric','Morgan','Eric.Morgan1@somethinglike.utsa.edu','EricMorgan281@outlook.com','M','Pamela Track','16448','Freshman'),(2130,'Brandy','Mills','Brandy.Mills1@somethinglike.utsa.edu','BrandyMills136@yahoo.com','F','Amanda Loop','864','Junior'),(2131,'Eduardo','Watson','Eduardo.Watson1@somethinglike.utsa.edu','EduardoWatson892@gmail.com','M','Eric Square','66972','Junior'),(2132,'Justin','Evans','Justin.Evans1@somethinglike.utsa.edu','JustinEvans43@gmail.com','M','Newton Forge','7857','Sophomore'),(2133,'Marissa','Brown','Marissa.Brown1@somethinglike.utsa.edu','MarissaBrown571@outlook.com','F','Thomas Park','93057','Junior'),(2134,'James','Haney','James.Haney1@somethinglike.utsa.edu','JamesHaney866@yahoo.com','M','Gloria Common','605','Senior'),(2135,'Amanda','Oliver','Amanda.Oliver1@somethinglike.utsa.edu','AmandaOliver655@outlook.com','F','Marks Squares','3294','Junior'),(2136,'Corey','Hamilton','Corey.Hamilton1@somethinglike.utsa.edu','CoreyHamilton212@outlook.com','M','Cruz Isle','6272','Junior'),(2137,'Joseph','Anderson','Joseph.Anderson1@somethinglike.utsa.edu','JosephAnderson141@gmail.com','M','Sean Turnpike','6763','Junior'),(2138,'Rebecca','Gonzales','Rebecca.Gonzales1@somethinglike.utsa.edu','RebeccaGonzales345@outlook.com','F','Brenda Causeway','0312','Freshman'),(2139,'Heidi','Paul','Heidi.Paul1@somethinglike.utsa.edu','HeidiPaul798@yahoo.com','F','Jesse Hills','184','Freshman'),(2140,'Raymond','Andrade','Raymond.Andrade1@somethinglike.utsa.edu','RaymondAndrade276@gmail.com','M','Ellis Roads','886','Sophomore'),(2141,'Lauren','Henry','Lauren.Henry1@somethinglike.utsa.edu','LaurenHenry369@outlook.com','F','Lewis Grove','00250','Sophomore'),(2142,'Donna','Smith','Donna.Smith1@somethinglike.utsa.edu','DonnaSmith117@outlook.com','F','Kristin Springs','96837','Sophomore'),(2143,'Corey','Franklin','Corey.Franklin1@somethinglike.utsa.edu','CoreyFranklin315@gmail.com','M','Laura Islands','754','Freshman'),(2144,'Alyssa','Williams','Alyssa.Williams1@somethinglike.utsa.edu','AlyssaWilliams412@outlook.com','F','Miller Ways','533','Junior'),(2145,'Danielle','Daniel','Danielle.Daniel1@somethinglike.utsa.edu','DanielleDaniel111@gmail.com','F','Collins Wall','4753','Senior'),(2146,'Amanda','Villa','Amanda.Villa1@somethinglike.utsa.edu','AmandaVilla345@outlook.com','F','Albert Park','706','Freshman'),(2147,'Veronica','Stevens','Veronica.Stevens1@somethinglike.utsa.edu','VeronicaStevens118@yahoo.com','F','Christopher Garden','26379','Senior'),(2148,'Angela','Simmons','Angela.Simmons1@somethinglike.utsa.edu','AngelaSimmons38@outlook.com','F','Williams Falls','73245','Junior'),(2149,'Francisco','Graham','Francisco.Graham1@somethinglike.utsa.edu','FranciscoGraham941@gmail.com','M','Bishop Turnpike','47897','Senior'),(2150,'Joshua','Green','Joshua.Green1@somethinglike.utsa.edu','JoshuaGreen67@gmail.com','M','Allen Ridges','126','Sophomore'),(2151,'David','Mitchell','David.Mitchell1@somethinglike.utsa.edu','DavidMitchell62@outlook.com','M','Judy Passage','0164','Freshman'),(2152,'Bryan','Mclaughlin','Bryan.Mclaughlin1@somethinglike.utsa.edu','BryanMclaughlin403@yahoo.com','M','Hall Stravenue','843','Junior'),(2153,'Natalie','Valenzuela','Natalie.Valenzuela1@somethinglike.utsa.edu','NatalieValenzuela942@outlook.com','F','April Spring','3574','Sophomore'),(2154,'Lauren','Taylor','Lauren.Taylor1@somethinglike.utsa.edu','LaurenTaylor85@outlook.com','F','Angela Islands','9026','Sophomore'),(2155,'Brittney','Thompson','Brittney.Thompson1@somethinglike.utsa.edu','BrittneyThompson599@gmail.com','F','Derek Ford','9332','Senior'),(2156,'Robert','Wolf','Robert.Wolf1@somethinglike.utsa.edu','RobertWolf367@gmail.com','M','Franklin Curve','719','Freshman'),(2157,'Roy','Fox','Roy.Fox1@somethinglike.utsa.edu','RoyFox924@yahoo.com','M','Burns Inlet','38277','Senior'),(2158,'Joshua','Padilla','Joshua.Padilla1@somethinglike.utsa.edu','JoshuaPadilla121@outlook.com','M','Jonathon Rapids','3546','Senior'),(2159,'Terri','Clark','Terri.Clark1@somethinglike.utsa.edu','TerriClark212@yahoo.com','F','Barber Gateway','7345','Freshman'),(2160,'Michael','Torres','Michael.Torres1@somethinglike.utsa.edu','MichaelTorres638@gmail.com','M','Berry Centers','250','Freshman'),(2161,'John','Brown','John.Brown1@somethinglike.utsa.edu','JohnBrown469@outlook.com','M','Brady Fork','510','Junior'),(2162,'Gregory','Beck','Gregory.Beck1@somethinglike.utsa.edu','GregoryBeck107@yahoo.com','M','Patricia Forge','6254','Senior'),(2163,'Christopher','Murphy','Christopher.Murphy1@somethinglike.utsa.edu','ChristopherMurphy577@outlook.com','M','Reyes Lodge','8870','Senior'),(2164,'Krystal','Martinez','Krystal.Martinez1@somethinglike.utsa.edu','KrystalMartinez695@outlook.com','F','Jackson Parkway','98215','Senior'),(2165,'Cynthia','Clayton','Cynthia.Clayton1@somethinglike.utsa.edu','CynthiaClayton650@yahoo.com','F','John Brooks','82169','Sophomore'),(2166,'Brian','Fuller','Brian.Fuller1@somethinglike.utsa.edu','BrianFuller9@outlook.com','M','Christina Canyon','5600','Junior'),(2167,'Kathleen','Howard','Kathleen.Howard1@somethinglike.utsa.edu','KathleenHoward36@yahoo.com','F','Stephen Parkways','2654','Sophomore'),(2168,'Regina','Blackburn','Regina.Blackburn1@somethinglike.utsa.edu','ReginaBlackburn617@gmail.com','F','Lance Heights','708','Senior'),(2169,'Laura','Baker','Laura.Baker1@somethinglike.utsa.edu','LauraBaker735@yahoo.com','F','Stephen Stravenue','65700','Senior'),(2170,'Don','Forbes','Don.Forbes1@somethinglike.utsa.edu','DonForbes819@gmail.com','M','Becker Prairie','438','Freshman'),(2171,'Jose','Hughes','Jose.Hughes1@somethinglike.utsa.edu','JoseHughes230@gmail.com','M','Clark Port','3985','Freshman'),(2172,'Carla','Parrish','Carla.Parrish1@somethinglike.utsa.edu','CarlaParrish15@outlook.com','F','Mark Summit','90925','Junior'),(2173,'Jack','Garrett','Jack.Garrett1@somethinglike.utsa.edu','JackGarrett819@gmail.com','M','Simpson Lodge','620','Senior'),(2174,'Rachel','Carroll','Rachel.Carroll1@somethinglike.utsa.edu','RachelCarroll517@outlook.com','F','Martinez Branch','749','Freshman'),(2175,'Cody','Dunn','Cody.Dunn1@somethinglike.utsa.edu','CodyDunn694@yahoo.com','M','Ramirez Village','82129','Freshman'),(2176,'Ashley','Gordon','Ashley.Gordon1@somethinglike.utsa.edu','AshleyGordon927@gmail.com','F','Fischer Grove','4064','Junior'),(2177,'Theresa','Medina','Theresa.Medina1@somethinglike.utsa.edu','TheresaMedina845@outlook.com','F','Branch Field','620','Senior'),(2178,'Paul','Moore','Paul.Moore1@somethinglike.utsa.edu','PaulMoore871@gmail.com','M','Ward Camp','693','Freshman'),(2179,'Steven','Cox','Steven.Cox1@somethinglike.utsa.edu','StevenCox309@yahoo.com','M','Erin Roads','7039','Junior'),(2180,'Stephanie','Hill','Stephanie.Hill1@somethinglike.utsa.edu','StephanieHill67@outlook.com','F','Miller Mission','78132','Junior'),(2181,'Jessica','Brown','Jessica.Brown1@somethinglike.utsa.edu','JessicaBrown791@outlook.com','F','Walters Groves','6595','Senior'),(2182,'Ann','Johnson','Ann.Johnson1@somethinglike.utsa.edu','AnnJohnson63@gmail.com','F','Kathryn Flats','6660','Sophomore'),(2183,'Kevin','Gomez','Kevin.Gomez1@somethinglike.utsa.edu','KevinGomez293@yahoo.com','M','Anne Harbors','0678','Junior'),(2184,'Chad','Miller','Chad.Miller1@somethinglike.utsa.edu','ChadMiller964@gmail.com','M','Ward Cliff','18705','Senior'),(2185,'Tanya','Kirk','Tanya.Kirk1@somethinglike.utsa.edu','TanyaKirk144@outlook.com','F','Leroy Crossroad','462','Freshman'),(2186,'Kyle','Powell','Kyle.Powell1@somethinglike.utsa.edu','KylePowell829@outlook.com','M','Dixon Estates','27080','Senior'),(2187,'Rodney','Vazquez','Rodney.Vazquez1@somethinglike.utsa.edu','RodneyVazquez626@outlook.com','M','Herring Key','118','Senior'),(2188,'Carrie','Baker','Carrie.Baker1@somethinglike.utsa.edu','CarrieBaker48@gmail.com','F','Murphy Station','4872','Senior'),(2189,'Peter','Cole','Peter.Cole1@somethinglike.utsa.edu','PeterCole20@gmail.com','M','Benjamin Prairie','80513','Sophomore'),(2190,'Mariah','Bryant','Mariah.Bryant1@somethinglike.utsa.edu','MariahBryant107@yahoo.com','F','Lisa Pike','52780','Junior'),(2191,'Joshua','Hoover','Joshua.Hoover1@somethinglike.utsa.edu','JoshuaHoover392@outlook.com','M','Smith Trail','16959','Freshman'),(2192,'Jesse','Bass','Jesse.Bass1@somethinglike.utsa.edu','JesseBass624@yahoo.com','M','Archer Wall','125','Senior'),(2193,'Tammy','White','Tammy.White1@somethinglike.utsa.edu','TammyWhite666@gmail.com','F','Andrew Rest','06046','Junior'),(2194,'Thomas','Burke','Thomas.Burke1@somethinglike.utsa.edu','ThomasBurke981@outlook.com','M','Michael Village','60759','Junior'),(2195,'Steven','Avila','Steven.Avila1@somethinglike.utsa.edu','StevenAvila531@gmail.com','M','Hart Unions','6207','Freshman'),(2196,'Rebekah','Lee','Rebekah.Lee1@somethinglike.utsa.edu','RebekahLee455@outlook.com','F','Brown Court','05026','Sophomore'),(2197,'Lisa','Valdez','Lisa.Valdez1@somethinglike.utsa.edu','LisaValdez365@yahoo.com','F','Marcus Turnpike','771','Freshman'),(2198,'Scott','Nichols','Scott.Nichols1@somethinglike.utsa.edu','ScottNichols923@gmail.com','M','Gibbs Walks','0811','Senior'),(2199,'Felicia','Friedman','Felicia.Friedman1@somethinglike.utsa.edu','FeliciaFriedman922@gmail.com','F','Donaldson Drives','400','Sophomore'),(2200,'James','Moore','James.Moore1@somethinglike.utsa.edu','JamesMoore95@yahoo.com','M','Ethan Tunnel','39507','Senior'),(2201,'Tina','Garrett','Tina.Garrett1@somethinglike.utsa.edu','TinaGarrett968@gmail.com','F','Williams Garden','452','Sophomore'),(2202,'Tracy','Bell','Tracy.Bell1@somethinglike.utsa.edu','TracyBell913@yahoo.com','F','Natalie Mountain','9269','Senior'),(2203,'Randy','Martin','Randy.Martin1@somethinglike.utsa.edu','RandyMartin958@gmail.com','M','Gloria Stravenue','20058','Senior'),(2204,'Aaron','Williams','Aaron.Williams1@somethinglike.utsa.edu','AaronWilliams101@outlook.com','M','Ashley Drive','60669','Sophomore'),(2205,'Thomas','Cook','Thomas.Cook1@somethinglike.utsa.edu','ThomasCook810@outlook.com','M','Sandra Lakes','386','Senior'),(2206,'Angel','Russell','Angel.Russell1@somethinglike.utsa.edu','AngelRussell30@outlook.com','F','Church Meadows','3763','Junior'),(2207,'Sydney','Allen','Sydney.Allen1@somethinglike.utsa.edu','SydneyAllen80@outlook.com','F','Sanders Prairie','44858','Freshman'),(2208,'Alex','Carr','Alex.Carr1@somethinglike.utsa.edu','AlexCarr367@yahoo.com','M','Mcdowell Harbor','95618','Freshman'),(2209,'Sherry','Williams','Sherry.Williams1@somethinglike.utsa.edu','SherryWilliams356@gmail.com','F','Johnson Manor','661','Freshman'),(2210,'Micheal','Munoz','Micheal.Munoz1@somethinglike.utsa.edu','MichealMunoz838@outlook.com','M','Gene Mountains','2948','Freshman'),(2211,'Brian','Richardson','Brian.Richardson1@somethinglike.utsa.edu','BrianRichardson212@gmail.com','M','Courtney Trafficway','8034','Sophomore'),(2212,'Christopher','Silva','Christopher.Silva1@somethinglike.utsa.edu','ChristopherSilva765@gmail.com','M','James Canyon','8606','Junior'),(2213,'Debra','Luna','Debra.Luna1@somethinglike.utsa.edu','DebraLuna706@gmail.com','F','Anderson Creek','520','Sophomore'),(2214,'Jeffrey','Ross','Jeffrey.Ross1@somethinglike.utsa.edu','JeffreyRoss191@outlook.com','M','Dawn Station','168','Freshman'),(2215,'Molly','Taylor','Molly.Taylor1@somethinglike.utsa.edu','MollyTaylor352@yahoo.com','F','Jared Forks','82759','Junior'),(2216,'Noah','Moran','Noah.Moran1@somethinglike.utsa.edu','NoahMoran28@gmail.com','M','Sutton Unions','4258','Junior'),(2217,'Tracy','Patel','Tracy.Patel1@somethinglike.utsa.edu','TracyPatel484@outlook.com','F','Rhonda Streets','843','Junior'),(2218,'Shirley','Riddle','Shirley.Riddle1@somethinglike.utsa.edu','ShirleyRiddle188@yahoo.com','F','Myers Mountains','466','Freshman'),(2219,'Robert','Vega','Robert.Vega1@somethinglike.utsa.edu','RobertVega546@yahoo.com','M','Dylan Prairie','813','Junior'),(2220,'Kyle','Morrison','Kyle.Morrison1@somethinglike.utsa.edu','KyleMorrison385@gmail.com','M','Joseph Street','261','Sophomore'),(2221,'Ricky','Smith','Ricky.Smith1@somethinglike.utsa.edu','RickySmith323@yahoo.com','M','Roth Orchard','1759','Sophomore'),(2222,'Michael','Estrada','Michael.Estrada1@somethinglike.utsa.edu','MichaelEstrada772@gmail.com','M','Sandra Points','182','Junior'),(2223,'Allison','Day','Allison.Day1@somethinglike.utsa.edu','AllisonDay429@yahoo.com','F','Natalie Path','9376','Freshman'),(2224,'Dennis','Matthews','Dennis.Matthews1@somethinglike.utsa.edu','DennisMatthews615@gmail.com','M','Jackson Mill','061','Senior'),(2225,'Mathew','Sullivan','Mathew.Sullivan1@somethinglike.utsa.edu','MathewSullivan719@gmail.com','M','William Motorway','79148','Sophomore'),(2226,'Katherine','Newman','Katherine.Newman1@somethinglike.utsa.edu','KatherineNewman306@yahoo.com','F','Baker Forks','524','Senior'),(2227,'Samuel','Decker','Samuel.Decker1@somethinglike.utsa.edu','SamuelDecker605@outlook.com','M','Stephen Cliff','6968','Junior'),(2228,'Anna','Olson','Anna.Olson1@somethinglike.utsa.edu','AnnaOlson86@gmail.com','F','Kenneth Lake','20298','Senior'),(2229,'Christina','Johnson','Christina.Johnson1@somethinglike.utsa.edu','ChristinaJohnson652@yahoo.com','F','Grant Throughway','717','Freshman'),(2230,'Kristin','Baxter','Kristin.Baxter1@somethinglike.utsa.edu','KristinBaxter418@gmail.com','F','Brennan Spur','33744','Senior'),(2231,'Courtney','Simpson','Courtney.Simpson1@somethinglike.utsa.edu','CourtneySimpson451@gmail.com','F','Davis Inlet','635','Junior'),(2232,'Tracey','Valencia','Tracey.Valencia1@somethinglike.utsa.edu','TraceyValencia975@outlook.com','F','Jesse Flats','754','Freshman'),(2233,'James','Anderson','James.Anderson1@somethinglike.utsa.edu','JamesAnderson815@gmail.com','M','Richard Parkway','3556','Junior'),(2234,'Donald','Kaufman','Donald.Kaufman1@somethinglike.utsa.edu','DonaldKaufman571@yahoo.com','M','Delacruz Neck','1725','Sophomore'),(2235,'Tasha','Paul','Tasha.Paul1@somethinglike.utsa.edu','TashaPaul950@outlook.com','F','Porter Creek','667','Sophomore'),(2236,'Kayla','Whitney','Kayla.Whitney1@somethinglike.utsa.edu','KaylaWhitney442@gmail.com','F','Emma Parkway','7358','Sophomore'),(2237,'Melinda','Davis','Melinda.Davis1@somethinglike.utsa.edu','MelindaDavis348@yahoo.com','F','Long Forks','0906','Sophomore'),(2238,'Anna','Gonzalez','Anna.Gonzalez1@somethinglike.utsa.edu','AnnaGonzalez473@yahoo.com','F','White Falls','503','Freshman'),(2239,'Tiffany','Smith','Tiffany.Smith1@somethinglike.utsa.edu','TiffanySmith773@gmail.com','F','David View','931','Junior'),(2240,'Patrick','Gonzalez','Patrick.Gonzalez1@somethinglike.utsa.edu','PatrickGonzalez850@yahoo.com','M','Abigail Road','1823','Senior'),(2241,'Crystal','Perry','Crystal.Perry1@somethinglike.utsa.edu','CrystalPerry7@gmail.com','F','Aguirre Mews','60940','Junior'),(2242,'Kevin','Padilla','Kevin.Padilla1@somethinglike.utsa.edu','KevinPadilla787@yahoo.com','M','Byrd Row','98141','Junior'),(2243,'Miguel','Nelson','Miguel.Nelson1@somethinglike.utsa.edu','MiguelNelson434@yahoo.com','M','Christine Shoals','63953','Senior'),(2244,'Jason','Mason','Jason.Mason1@somethinglike.utsa.edu','JasonMason694@outlook.com','M','Heather Mountains','87727','Sophomore'),(2245,'Kimberly','Anderson','Kimberly.Anderson1@somethinglike.utsa.edu','KimberlyAnderson286@yahoo.com','F','Bennett Port','537','Freshman'),(2246,'David','Castillo','David.Castillo1@somethinglike.utsa.edu','DavidCastillo276@yahoo.com','M','Johnson Stream','86736','Freshman'),(2247,'David','Woods','David.Woods1@somethinglike.utsa.edu','DavidWoods262@outlook.com','M','Jeremy Haven','7928','Senior'),(2248,'Melinda','Lopez','Melinda.Lopez1@somethinglike.utsa.edu','MelindaLopez104@yahoo.com','F','Sophia Drives','0592','Junior'),(2249,'Pamela','Mcdonald','Pamela.Mcdonald1@somethinglike.utsa.edu','PamelaMcdonald290@yahoo.com','F','Robert Fields','60583','Sophomore'),(2250,'Nathaniel','White','Nathaniel.White1@somethinglike.utsa.edu','NathanielWhite36@gmail.com','M','Hernandez Spurs','793','Junior'),(2251,'Linda','Johnson','Linda.Johnson1@somethinglike.utsa.edu','LindaJohnson546@outlook.com','F','Stein Ville','8300','Freshman'),(2252,'Antonio','Sanchez','Antonio.Sanchez1@somethinglike.utsa.edu','AntonioSanchez912@gmail.com','M','Donna Coves','645','Freshman'),(2253,'Katherine','Lee','Katherine.Lee1@somethinglike.utsa.edu','KatherineLee881@outlook.com','F','Grant Knolls','767','Junior'),(2254,'William','Stewart','William.Stewart1@somethinglike.utsa.edu','WilliamStewart587@yahoo.com','M','Jones Forges','26783','Sophomore'),(2255,'Steven','Padilla','Steven.Padilla1@somethinglike.utsa.edu','StevenPadilla420@yahoo.com','M','Richard Corners','9968','Senior'),(2256,'Christine','Smith','Christine.Smith1@somethinglike.utsa.edu','ChristineSmith299@outlook.com','F','Alyssa Overpass','6881','Junior'),(2257,'Blake','Cordova','Blake.Cordova1@somethinglike.utsa.edu','BlakeCordova160@gmail.com','M','Goodwin Ford','9541','Freshman'),(2258,'Natasha','Saunders','Natasha.Saunders1@somethinglike.utsa.edu','NatashaSaunders410@yahoo.com','F','Christina Way','98527','Senior'),(2259,'David','Watkins','David.Watkins1@somethinglike.utsa.edu','DavidWatkins573@yahoo.com','M','Humphrey Forges','6853','Junior'),(2260,'Samantha','Baker','Samantha.Baker1@somethinglike.utsa.edu','SamanthaBaker647@outlook.com','F','Bradley Island','997','Senior'),(2261,'Arthur','Kaiser','Arthur.Kaiser1@somethinglike.utsa.edu','ArthurKaiser488@outlook.com','M','Graham Lights','016','Junior'),(2262,'Lisa','Walls','Lisa.Walls1@somethinglike.utsa.edu','LisaWalls667@gmail.com','F','Kathleen Burgs','63044','Senior'),(2263,'Janice','Cooper','Janice.Cooper1@somethinglike.utsa.edu','JaniceCooper146@yahoo.com','F','Jensen Route','88058','Senior'),(2264,'Juan','Martin','Juan.Martin1@somethinglike.utsa.edu','JuanMartin908@yahoo.com','M','Weiss Route','5251','Sophomore'),(2265,'Louis','Butler','Louis.Butler1@somethinglike.utsa.edu','LouisButler363@outlook.com','M','John Cove','192','Senior'),(2266,'John','Meyer','John.Meyer1@somethinglike.utsa.edu','JohnMeyer866@yahoo.com','M','Michael Point','323','Freshman'),(2267,'James','Lynch','James.Lynch1@somethinglike.utsa.edu','JamesLynch702@yahoo.com','M','Bailey Grove','583','Senior'),(2268,'Daniel','Clayton','Daniel.Clayton1@somethinglike.utsa.edu','DanielClayton369@gmail.com','M','Joshua Shores','15450','Freshman'),(2269,'Bradley','Smith','Bradley.Smith1@somethinglike.utsa.edu','BradleySmith276@yahoo.com','M','Garrett Harbor','88571','Junior'),(2270,'Jason','Patel','Jason.Patel1@somethinglike.utsa.edu','JasonPatel144@yahoo.com','M','Martinez Ramp','5243','Junior'),(2271,'Mark','Nunez','Mark.Nunez1@somethinglike.utsa.edu','MarkNunez107@outlook.com','M','Johnson Village','41558','Senior'),(2272,'Martha','Mitchell','Martha.Mitchell1@somethinglike.utsa.edu','MarthaMitchell393@gmail.com','F','Melissa Square','249','Junior'),(2273,'Amy','Price','Amy.Price1@somethinglike.utsa.edu','AmyPrice663@yahoo.com','F','Aguilar Glen','8771','Senior'),(2274,'Jeff','Jackson','Jeff.Jackson1@somethinglike.utsa.edu','JeffJackson458@yahoo.com','M','Jerry Valley','6031','Sophomore'),(2275,'Elizabeth','Summers','Elizabeth.Summers1@somethinglike.utsa.edu','ElizabethSummers132@gmail.com','F','Susan Bridge','8618','Sophomore'),(2276,'Danielle','Campbell','Danielle.Campbell1@somethinglike.utsa.edu','DanielleCampbell357@outlook.com','F','Reynolds Square','28533','Senior'),(2277,'Brittany','Lindsey','Brittany.Lindsey1@somethinglike.utsa.edu','BrittanyLindsey398@yahoo.com','F','Jacob Glen','023','Sophomore'),(2278,'Sean','Bowen','Sean.Bowen1@somethinglike.utsa.edu','SeanBowen449@gmail.com','M','John Points','92384','Freshman'),(2279,'Rebecca','Foley','Rebecca.Foley1@somethinglike.utsa.edu','RebeccaFoley34@gmail.com','F','Jennifer Turnpike','06268','Freshman'),(2280,'James','Cruz','James.Cruz1@somethinglike.utsa.edu','JamesCruz372@gmail.com','M','Garcia Walks','80103','Sophomore'),(2281,'Patrick','Cole','Patrick.Cole1@somethinglike.utsa.edu','PatrickCole625@outlook.com','M','Rollins Key','641','Freshman'),(2282,'Stephanie','Moore','Stephanie.Moore1@somethinglike.utsa.edu','StephanieMoore789@outlook.com','F','Joyce Walks','08173','Senior'),(2283,'Joanne','Strickland','Joanne.Strickland1@somethinglike.utsa.edu','JoanneStrickland55@yahoo.com','F','Carol Pass','0925','Senior'),(2284,'Mary','Richardson','Mary.Richardson1@somethinglike.utsa.edu','MaryRichardson501@outlook.com','F','Shaw Spurs','2073','Senior'),(2285,'Lee','Morgan','Lee.Morgan1@somethinglike.utsa.edu','LeeMorgan345@outlook.com','M','Alexander Mountains','5596','Freshman'),(2286,'James','Morales','James.Morales1@somethinglike.utsa.edu','JamesMorales53@gmail.com','M','Craig Throughway','336','Junior'),(2287,'Daniel','Robertson','Daniel.Robertson1@somethinglike.utsa.edu','DanielRobertson296@yahoo.com','M','Lindsey Path','875','Freshman'),(2288,'David','Turner','David.Turner1@somethinglike.utsa.edu','DavidTurner65@outlook.com','M','Kristine Fields','7103','Sophomore'),(2289,'Linda','Foley','Linda.Foley1@somethinglike.utsa.edu','LindaFoley571@gmail.com','F','Margaret Forge','92594','Senior'),(2290,'Adam','Ewing','Adam.Ewing1@somethinglike.utsa.edu','AdamEwing347@yahoo.com','M','Andrew Expressway','3675','Freshman'),(2291,'Scott','Miller','Scott.Miller1@somethinglike.utsa.edu','ScottMiller813@outlook.com','M','Casey Squares','20984','Junior'),(2292,'Heather','Clark','Heather.Clark1@somethinglike.utsa.edu','HeatherClark914@outlook.com','F','Gonzalez Ferry','72998','Junior'),(2293,'Jason','Burton','Jason.Burton1@somethinglike.utsa.edu','JasonBurton534@gmail.com','M','Rebecca Center','9028','Sophomore'),(2294,'Angela','Collins','Angela.Collins1@somethinglike.utsa.edu','AngelaCollins82@gmail.com','F','Jennifer Junction','54779','Junior'),(2295,'Thomas','Adams','Thomas.Adams1@somethinglike.utsa.edu','ThomasAdams857@gmail.com','M','Stephen Throughway','18486','Junior'),(2296,'Lisa','Fisher','Lisa.Fisher1@somethinglike.utsa.edu','LisaFisher319@yahoo.com','F','Catherine Manor','19127','Senior'),(2297,'Elizabeth','Daniel','Elizabeth.Daniel1@somethinglike.utsa.edu','ElizabethDaniel493@outlook.com','F','Baker Tunnel','58810','Sophomore'),(2298,'Andrew','Smith','Andrew.Smith1@somethinglike.utsa.edu','AndrewSmith313@yahoo.com','M','Pamela Lodge','7052','Freshman'),(2299,'Bradley','Myers','Bradley.Myers1@somethinglike.utsa.edu','BradleyMyers471@outlook.com','M','Brandon Loop','09628','Senior'),(2300,'Nicholas','Phillips','Nicholas.Phillips1@somethinglike.utsa.edu','NicholasPhillips939@outlook.com','M','Mcclain Village','078','Senior'),(2301,'Brianna','Pugh','Brianna.Pugh1@somethinglike.utsa.edu','BriannaPugh450@gmail.com','F','Dawn Radial','19744','Freshman'),(2302,'David','Powell','David.Powell1@somethinglike.utsa.edu','DavidPowell246@gmail.com','M','Michelle Wall','81042','Sophomore'),(2303,'Patricia','Wall','Patricia.Wall1@somethinglike.utsa.edu','PatriciaWall905@gmail.com','F','Shawna Crescent','0525','Senior'),(2304,'Kenneth','Brown','Kenneth.Brown1@somethinglike.utsa.edu','KennethBrown837@outlook.com','M','Clark Mission','7788','Senior'),(2305,'Bradley','Stewart','Bradley.Stewart1@somethinglike.utsa.edu','BradleyStewart981@gmail.com','M','Frank Plains','8681','Sophomore'),(2306,'Susan','Thomas','Susan.Thomas1@somethinglike.utsa.edu','SusanThomas225@gmail.com','F','Poole Pass','2122','Junior'),(2307,'Amanda','Newman','Amanda.Newman1@somethinglike.utsa.edu','AmandaNewman327@outlook.com','F','Elizabeth Pine','9457','Freshman'),(2308,'Jennifer','Briggs','Jennifer.Briggs1@somethinglike.utsa.edu','JenniferBriggs624@yahoo.com','F','Hunt Fort','065','Sophomore'),(2309,'Gloria','Hunt','Gloria.Hunt1@somethinglike.utsa.edu','GloriaHunt796@outlook.com','F','Autumn Mountains','56938','Senior'),(2310,'Allison','Romero','Allison.Romero1@somethinglike.utsa.edu','AllisonRomero279@gmail.com','F','Ashley Canyon','2547','Freshman'),(2311,'John','Rocha','John.Rocha1@somethinglike.utsa.edu','JohnRocha629@yahoo.com','M','Smith Rue','75207','Freshman'),(2312,'Joseph','Cuevas','Joseph.Cuevas1@somethinglike.utsa.edu','JosephCuevas750@outlook.com','M','Marissa Square','9730','Sophomore'),(2313,'Michael','Lutz','Michael.Lutz1@somethinglike.utsa.edu','MichaelLutz291@yahoo.com','M','Cheryl Island','569','Freshman'),(2314,'Patricia','Grimes','Patricia.Grimes1@somethinglike.utsa.edu','PatriciaGrimes879@gmail.com','F','William Lock','56433','Freshman'),(2315,'Dawn','Allen','Dawn.Allen1@somethinglike.utsa.edu','DawnAllen660@outlook.com','F','Dunlap Freeway','592','Freshman'),(2316,'Erica','Thomas','Erica.Thomas1@somethinglike.utsa.edu','EricaThomas235@yahoo.com','F','Pierce Plain','917','Junior'),(2317,'John','Holt','John.Holt1@somethinglike.utsa.edu','JohnHolt757@gmail.com','M','Jacobs Station','87346','Freshman'),(2318,'Denise','Harris','Denise.Harris1@somethinglike.utsa.edu','DeniseHarris690@outlook.com','F','Stewart Brooks','33928','Sophomore'),(2319,'Judy','King','Judy.King1@somethinglike.utsa.edu','JudyKing643@outlook.com','F','Barker Manor','6010','Junior'),(2320,'George','Moore','George.Moore1@somethinglike.utsa.edu','GeorgeMoore140@gmail.com','M','Gilbert Points','4867','Junior'),(2321,'Jaime','Shah','Jaime.Shah1@somethinglike.utsa.edu','JaimeShah599@yahoo.com','F','Jessica Turnpike','180','Freshman'),(2322,'Scott','Aguilar','Scott.Aguilar1@somethinglike.utsa.edu','ScottAguilar897@outlook.com','M','Sosa Viaduct','193','Sophomore'),(2323,'Alejandro','Kramer','Alejandro.Kramer1@somethinglike.utsa.edu','AlejandroKramer522@gmail.com','M','Davis Radial','2998','Sophomore'),(2324,'Tyler','Ibarra','Tyler.Ibarra1@somethinglike.utsa.edu','TylerIbarra800@outlook.com','M','Phillips Ferry','322','Sophomore'),(2325,'Shawn','Scott','Shawn.Scott1@somethinglike.utsa.edu','ShawnScott750@gmail.com','M','Thomas Ridges','3126','Sophomore'),(2326,'Valerie','White','Valerie.White1@somethinglike.utsa.edu','ValerieWhite361@yahoo.com','F','Michael Shoals','2419','Sophomore'),(2327,'Sarah','Delacruz','Sarah.Delacruz1@somethinglike.utsa.edu','SarahDelacruz922@gmail.com','F','Adam Divide','90622','Freshman'),(2328,'Karina','Williams','Karina.Williams1@somethinglike.utsa.edu','KarinaWilliams500@outlook.com','F','Herring Skyway','75734','Junior'),(2329,'Michael','Lopez','Michael.Lopez1@somethinglike.utsa.edu','MichaelLopez981@gmail.com','M','Henry Knoll','943','Sophomore'),(2330,'Donna','Long','Donna.Long1@somethinglike.utsa.edu','DonnaLong828@yahoo.com','F','Nicholas Ramp','182','Senior'),(2331,'Michelle','Hardin','Michelle.Hardin1@somethinglike.utsa.edu','MichelleHardin721@gmail.com','F','Thomas Green','832','Junior'),(2332,'Patrick','Baker','Patrick.Baker1@somethinglike.utsa.edu','PatrickBaker618@outlook.com','M','Bennett Center','6682','Sophomore'),(2333,'Patricia','Marquez','Patricia.Marquez1@somethinglike.utsa.edu','PatriciaMarquez804@outlook.com','F','Diana Inlet','789','Senior'),(2334,'William','Clark','William.Clark1@somethinglike.utsa.edu','WilliamClark213@gmail.com','M','Peter Corners','86187','Junior'),(2335,'Paul','Jackson','Paul.Jackson1@somethinglike.utsa.edu','PaulJackson351@outlook.com','M','Jesse Court','661','Sophomore'),(2336,'Stacy','Kelley','Stacy.Kelley1@somethinglike.utsa.edu','StacyKelley352@yahoo.com','F','Jeffery Course','18293','Sophomore'),(2337,'Krista','Meyer','Krista.Meyer1@somethinglike.utsa.edu','KristaMeyer17@outlook.com','F','Burke Way','479','Freshman'),(2338,'Richard','Bell','Richard.Bell1@somethinglike.utsa.edu','RichardBell361@gmail.com','M','Jacqueline Bypass','73830','Senior'),(2339,'Charles','Chavez','Charles.Chavez1@somethinglike.utsa.edu','CharlesChavez25@gmail.com','M','Cassandra Village','465','Freshman'),(2340,'Oscar','Giles','Oscar.Giles1@somethinglike.utsa.edu','OscarGiles231@yahoo.com','M','Wiley Corners','175','Junior'),(2341,'Lonnie','Valdez','Lonnie.Valdez1@somethinglike.utsa.edu','LonnieValdez840@gmail.com','M','Michelle Lodge','07428','Junior'),(2342,'Sarah','Wood','Sarah.Wood1@somethinglike.utsa.edu','SarahWood139@gmail.com','F','Darrell Islands','1533','Senior'),(2343,'Wendy','Boyd','Wendy.Boyd1@somethinglike.utsa.edu','WendyBoyd145@outlook.com','F','Curtis Street','6027','Junior'),(2344,'Billy','Soto','Billy.Soto1@somethinglike.utsa.edu','BillySoto664@outlook.com','M','Alison Village','752','Senior'),(2345,'Lauren','Walter','Lauren.Walter1@somethinglike.utsa.edu','LaurenWalter9@outlook.com','F','Baker Forest','22786','Junior'),(2346,'Taylor','Combs','Taylor.Combs1@somethinglike.utsa.edu','TaylorCombs777@gmail.com','F','Brady Ports','51173','Freshman'),(2347,'Kelly','Johnson','Kelly.Johnson1@somethinglike.utsa.edu','KellyJohnson976@outlook.com','F','Steven Green','948','Sophomore'),(2348,'Ricky','Martin','Ricky.Martin1@somethinglike.utsa.edu','RickyMartin512@gmail.com','M','Erika Prairie','827','Sophomore'),(2349,'Matthew','Burton','Matthew.Burton1@somethinglike.utsa.edu','MatthewBurton337@gmail.com','M','Jeremy Squares','229','Sophomore'),(2350,'Marc','Jones','Marc.Jones1@somethinglike.utsa.edu','MarcJones968@gmail.com','M','Davis Road','9496','Sophomore'),(2351,'William','Erickson','William.Erickson1@somethinglike.utsa.edu','WilliamErickson735@gmail.com','M','Maria Mission','55466','Senior'),(2352,'Taylor','Terrell','Taylor.Terrell1@somethinglike.utsa.edu','TaylorTerrell635@yahoo.com','M','Jason Corners','238','Senior'),(2353,'Daniel','Flores','Daniel.Flores1@somethinglike.utsa.edu','DanielFlores629@yahoo.com','M','Kathy Manor','882','Freshman'),(2354,'Michelle','Baldwin','Michelle.Baldwin1@somethinglike.utsa.edu','MichelleBaldwin348@yahoo.com','F','Bradshaw Hills','74344','Senior'),(2355,'Bradley','Thomas','Bradley.Thomas1@somethinglike.utsa.edu','BradleyThomas640@gmail.com','M','Paul Row','0489','Senior'),(2356,'Raymond','Mcdonald','Raymond.Mcdonald1@somethinglike.utsa.edu','RaymondMcdonald366@outlook.com','M','Ethan Avenue','1643','Sophomore'),(2357,'Kari','Ruiz','Kari.Ruiz1@somethinglike.utsa.edu','KariRuiz241@yahoo.com','F','Anderson Parks','2035','Junior'),(2358,'Dennis','Mann','Dennis.Mann1@somethinglike.utsa.edu','DennisMann753@outlook.com','M','Diane Mews','5935','Junior'),(2359,'Jennifer','Velazquez','Jennifer.Velazquez1@somethinglike.utsa.edu','JenniferVelazquez822@outlook.com','F','John Trace','772','Senior'),(2360,'Michael','Gomez','Michael.Gomez1@somethinglike.utsa.edu','MichaelGomez318@yahoo.com','M','Ortiz Prairie','18721','Junior'),(2361,'Alexis','Lara','Alexis.Lara1@somethinglike.utsa.edu','AlexisLara35@yahoo.com','F','Pena Freeway','1604','Junior'),(2362,'Kyle','Turner','Kyle.Turner1@somethinglike.utsa.edu','KyleTurner466@outlook.com','M','Angela Springs','0201','Freshman'),(2363,'Gina','Morgan','Gina.Morgan1@somethinglike.utsa.edu','GinaMorgan354@outlook.com','F','John Skyway','748','Freshman'),(2364,'Christopher','Cole','Christopher.Cole1@somethinglike.utsa.edu','ChristopherCole279@yahoo.com','M','Dakota Coves','3481','Freshman'),(2365,'Kathryn','Turner','Kathryn.Turner1@somethinglike.utsa.edu','KathrynTurner697@yahoo.com','F','Curtis Ridges','0312','Junior'),(2366,'Jeremy','Martin','Jeremy.Martin1@somethinglike.utsa.edu','JeremyMartin780@yahoo.com','M','Strong Square','79086','Junior'),(2367,'Alexis','Martinez','Alexis.Martinez1@somethinglike.utsa.edu','AlexisMartinez854@outlook.com','F','Miller Trafficway','3463','Sophomore'),(2368,'Joel','Wheeler','Joel.Wheeler1@somethinglike.utsa.edu','JoelWheeler579@outlook.com','M','Lopez Route','96934','Sophomore'),(2369,'Hannah','Edwards','Hannah.Edwards1@somethinglike.utsa.edu','HannahEdwards166@gmail.com','F','Gilmore Stravenue','5422','Junior'),(2370,'Shawn','Mccullough','Shawn.Mccullough1@somethinglike.utsa.edu','ShawnMccullough598@gmail.com','M','Day Landing','9430','Sophomore'),(2371,'Vickie','Stevens','Vickie.Stevens1@somethinglike.utsa.edu','VickieStevens371@outlook.com','F','James Loaf','958','Junior'),(2372,'Brandi','Vasquez','Brandi.Vasquez1@somethinglike.utsa.edu','BrandiVasquez506@outlook.com','F','Conner Wells','5039','Senior'),(2373,'Damon','Henry','Damon.Henry1@somethinglike.utsa.edu','DamonHenry1@gmail.com','M','Donna Stravenue','869','Freshman'),(2374,'Diana','Miller','Diana.Miller1@somethinglike.utsa.edu','DianaMiller128@outlook.com','F','Amy Stravenue','503','Freshman'),(2375,'Lisa','Decker','Lisa.Decker1@somethinglike.utsa.edu','LisaDecker931@yahoo.com','F','Cole Passage','410','Junior'),(2376,'Brandon','Gray','Brandon.Gray1@somethinglike.utsa.edu','BrandonGray71@yahoo.com','M','James Rue','347','Senior'),(2377,'Valerie','Spencer','Valerie.Spencer1@somethinglike.utsa.edu','ValerieSpencer972@gmail.com','F','Reid Spring','2666','Sophomore'),(2378,'Miguel','Dickson','Miguel.Dickson1@somethinglike.utsa.edu','MiguelDickson674@yahoo.com','M','Harrison Land','6925','Sophomore'),(2379,'Andrew','Gonzales','Andrew.Gonzales1@somethinglike.utsa.edu','AndrewGonzales964@yahoo.com','M','Collins Springs','53609','Senior'),(2380,'Gina','White','Gina.White1@somethinglike.utsa.edu','GinaWhite272@outlook.com','F','Wiley Trail','29032','Junior'),(2381,'Adam','Meyer','Adam.Meyer1@somethinglike.utsa.edu','AdamMeyer438@yahoo.com','M','Leonard Fall','6748','Junior'),(2382,'Amanda','Mendoza','Amanda.Mendoza1@somethinglike.utsa.edu','AmandaMendoza550@yahoo.com','F','Donna Mountains','444','Junior'),(2383,'Jeanne','Willis','Jeanne.Willis1@somethinglike.utsa.edu','JeanneWillis194@yahoo.com','F','Rivera Mountain','04374','Senior'),(2384,'Joshua','Harris','Joshua.Harris1@somethinglike.utsa.edu','JoshuaHarris865@gmail.com','M','Rodney Canyon','50440','Sophomore'),(2385,'April','Weber','April.Weber1@somethinglike.utsa.edu','AprilWeber369@outlook.com','F','Nancy Ways','71920','Freshman'),(2386,'Theresa','Castro','Theresa.Castro1@somethinglike.utsa.edu','TheresaCastro651@yahoo.com','F','Chase Circles','131','Sophomore'),(2387,'Timothy','Reynolds','Timothy.Reynolds1@somethinglike.utsa.edu','TimothyReynolds370@yahoo.com','M','Thomas Wall','8281','Sophomore'),(2388,'Charles','Watson','Charles.Watson1@somethinglike.utsa.edu','CharlesWatson646@outlook.com','M','Dixon Common','808','Senior'),(2389,'David','Daniel','David.Daniel1@somethinglike.utsa.edu','DavidDaniel748@yahoo.com','M','Kemp Pines','8986','Sophomore'),(2390,'Terry','Allen','Terry.Allen1@somethinglike.utsa.edu','TerryAllen281@gmail.com','M','Elijah Lodge','4585','Senior'),(2391,'Alex','Smith','Alex.Smith1@somethinglike.utsa.edu','AlexSmith586@outlook.com','M','Yang Square','22177','Sophomore'),(2392,'Mary','Hill','Mary.Hill1@somethinglike.utsa.edu','MaryHill884@yahoo.com','F','Roth Well','25531','Freshman'),(2393,'Jonathan','Simpson','Jonathan.Simpson1@somethinglike.utsa.edu','JonathanSimpson168@outlook.com','M','Flores Roads','93561','Freshman'),(2394,'Tina','Hampton','Tina.Hampton1@somethinglike.utsa.edu','TinaHampton649@outlook.com','F','Grant Bypass','536','Junior'),(2395,'Amanda','Todd','Amanda.Todd1@somethinglike.utsa.edu','AmandaTodd447@outlook.com','F','Osborne Estate','0415','Junior'),(2396,'Matthew','Smith','Matthew.Smith2@somethinglike.utsa.edu','MatthewSmith314@gmail.com','M','Perez Viaduct','245','Senior'),(2397,'Timothy','Carson','Timothy.Carson1@somethinglike.utsa.edu','TimothyCarson780@outlook.com','M','George Flats','991','Sophomore'),(2398,'Jennifer','Li','Jennifer.Li1@somethinglike.utsa.edu','JenniferLi395@outlook.com','F','Jonathan Burgs','252','Senior'),(2399,'Steve','Young','Steve.Young1@somethinglike.utsa.edu','SteveYoung596@outlook.com','M','Robin Bypass','837','Junior'),(2400,'Shawn','Barrett','Shawn.Barrett1@somethinglike.utsa.edu','ShawnBarrett577@yahoo.com','M','Stuart Key','1065','Junior'),(2401,'Charlotte','Booth','Charlotte.Booth1@somethinglike.utsa.edu','CharlotteBooth841@gmail.com','F','Jennifer Street','690','Senior'),(2402,'Mary','Galvan','Mary.Galvan1@somethinglike.utsa.edu','MaryGalvan943@yahoo.com','F','Gutierrez Lock','26673','Sophomore'),(2403,'David','Haynes','David.Haynes1@somethinglike.utsa.edu','DavidHaynes83@yahoo.com','M','Rebekah Alley','2124','Junior'),(2404,'Cassandra','Scott','Cassandra.Scott1@somethinglike.utsa.edu','CassandraScott4@gmail.com','F','Flores Stream','7714','Sophomore'),(2405,'Larry','Scott','Larry.Scott1@somethinglike.utsa.edu','LarryScott687@yahoo.com','M','Bennett Passage','78836','Senior'),(2406,'Dillon','Douglas','Dillon.Douglas1@somethinglike.utsa.edu','DillonDouglas322@gmail.com','M','Bowen Brooks','8140','Junior'),(2407,'Alyssa','Shelton','Alyssa.Shelton1@somethinglike.utsa.edu','AlyssaShelton926@gmail.com','F','Vaughan Keys','787','Junior'),(2408,'Kristi','Quinn','Kristi.Quinn1@somethinglike.utsa.edu','KristiQuinn686@gmail.com','F','Lane Valley','095','Sophomore'),(2409,'Christine','Jordan','Christine.Jordan1@somethinglike.utsa.edu','ChristineJordan887@outlook.com','F','Connor Turnpike','727','Freshman'),(2410,'Ethan','Alexander','Ethan.Alexander1@somethinglike.utsa.edu','EthanAlexander128@gmail.com','M','Tracy Vista','7583','Senior'),(2411,'Reginald','Ward','Reginald.Ward1@somethinglike.utsa.edu','ReginaldWard747@yahoo.com','M','Long Place','914','Freshman'),(2412,'Stephanie','Gordon','Stephanie.Gordon1@somethinglike.utsa.edu','StephanieGordon972@gmail.com','F','Caleb Junctions','00771','Junior'),(2413,'Kenneth','Williams','Kenneth.Williams1@somethinglike.utsa.edu','KennethWilliams82@yahoo.com','M','Hart Port','1452','Sophomore'),(2414,'Sierra','Durham','Sierra.Durham1@somethinglike.utsa.edu','SierraDurham206@outlook.com','F','Mark Courts','144','Junior'),(2415,'Whitney','Diaz','Whitney.Diaz1@somethinglike.utsa.edu','WhitneyDiaz801@outlook.com','F','Diane Mountains','6316','Senior'),(2416,'Scott','Acevedo','Scott.Acevedo1@somethinglike.utsa.edu','ScottAcevedo774@outlook.com','M','Caldwell Lane','63634','Sophomore'),(2417,'Benjamin','Taylor','Benjamin.Taylor1@somethinglike.utsa.edu','BenjaminTaylor647@yahoo.com','M','Cox Union','5327','Sophomore'),(2418,'William','Bush','William.Bush1@somethinglike.utsa.edu','WilliamBush917@outlook.com','M','Tyler Court','997','Freshman'),(2419,'Nicholas','Thompson','Nicholas.Thompson1@somethinglike.utsa.edu','NicholasThompson663@outlook.com','M','Martin Knolls','116','Sophomore'),(2420,'Erica','Murphy','Erica.Murphy1@somethinglike.utsa.edu','EricaMurphy534@gmail.com','F','Chase Way','34228','Junior'),(2421,'Christopher','Benjamin','Christopher.Benjamin1@somethinglike.utsa.edu','ChristopherBenjamin487@yahoo.com','M','Jennifer Green','106','Freshman'),(2422,'Patrick','Myers','Patrick.Myers1@somethinglike.utsa.edu','PatrickMyers840@yahoo.com','M','Alvarado Squares','01216','Junior'),(2423,'Lawrence','Davis','Lawrence.Davis1@somethinglike.utsa.edu','LawrenceDavis832@gmail.com','M','Barbara Courts','46287','Freshman'),(2424,'Michele','Gallagher','Michele.Gallagher1@somethinglike.utsa.edu','MicheleGallagher622@outlook.com','F','Deborah Lodge','2213','Senior'),(2425,'Mandy','Montoya','Mandy.Montoya1@somethinglike.utsa.edu','MandyMontoya853@outlook.com','F','Lowe Motorway','158','Junior'),(2426,'Jeff','Kramer','Jeff.Kramer1@somethinglike.utsa.edu','JeffKramer139@outlook.com','M','Ellis Centers','52733','Freshman'),(2427,'Austin','Moon','Austin.Moon1@somethinglike.utsa.edu','AustinMoon751@gmail.com','M','Hamilton Lake','15233','Freshman'),(2428,'Lisa','Edwards','Lisa.Edwards1@somethinglike.utsa.edu','LisaEdwards907@yahoo.com','F','Dalton Radial','784','Sophomore'),(2429,'Raymond','Smith','Raymond.Smith1@somethinglike.utsa.edu','RaymondSmith423@yahoo.com','M','Joseph Parkway','147','Freshman'),(2430,'Carrie','Williams','Carrie.Williams1@somethinglike.utsa.edu','CarrieWilliams815@outlook.com','F','Berg Island','535','Freshman'),(2431,'William','Thomas','William.Thomas1@somethinglike.utsa.edu','WilliamThomas366@gmail.com','M','Theresa Orchard','01802','Senior'),(2432,'Phillip','Rodriguez','Phillip.Rodriguez1@somethinglike.utsa.edu','PhillipRodriguez451@outlook.com','M','Solomon Shores','10325','Junior'),(2433,'Tina','Downs','Tina.Downs1@somethinglike.utsa.edu','TinaDowns576@outlook.com','F','Kemp Fords','0939','Senior'),(2434,'Adam','Griffin','Adam.Griffin1@somethinglike.utsa.edu','AdamGriffin31@outlook.com','M','Robert Trail','19254','Junior'),(2435,'Stephen','Waters','Stephen.Waters1@somethinglike.utsa.edu','StephenWaters972@outlook.com','M','Peterson Loop','5484','Freshman'),(2436,'Jill','Ferguson','Jill.Ferguson1@somethinglike.utsa.edu','JillFerguson98@gmail.com','F','Lambert Lodge','0374','Freshman'),(2437,'Jennifer','Stevenson','Jennifer.Stevenson1@somethinglike.utsa.edu','JenniferStevenson21@gmail.com','F','Samantha Fall','3293','Senior'),(2438,'Blake','Huynh','Blake.Huynh1@somethinglike.utsa.edu','BlakeHuynh330@outlook.com','M','Brenda Ferry','717','Senior'),(2439,'Taylor','Hamilton','Taylor.Hamilton1@somethinglike.utsa.edu','TaylorHamilton82@gmail.com','F','Darren Center','011','Senior'),(2440,'Sonya','Garza','Sonya.Garza1@somethinglike.utsa.edu','SonyaGarza28@yahoo.com','F','Anna Rue','5116','Freshman'),(2441,'John','Rogers','John.Rogers1@somethinglike.utsa.edu','JohnRogers341@outlook.com','M','Catherine Track','979','Freshman'),(2442,'Donna','Taylor','Donna.Taylor1@somethinglike.utsa.edu','DonnaTaylor991@gmail.com','F','Kaitlyn Field','224','Sophomore'),(2443,'Desiree','Rhodes','Desiree.Rhodes1@somethinglike.utsa.edu','DesireeRhodes982@gmail.com','F','Sean Station','8116','Freshman'),(2444,'Alexandra','Lopez','Alexandra.Lopez1@somethinglike.utsa.edu','AlexandraLopez345@gmail.com','F','Wilkerson Unions','6915','Sophomore'),(2445,'Austin','Franklin','Austin.Franklin1@somethinglike.utsa.edu','AustinFranklin178@gmail.com','M','Sanchez Well','055','Sophomore'),(2446,'Caroline','Davis','Caroline.Davis1@somethinglike.utsa.edu','CarolineDavis968@gmail.com','F','Acevedo Avenue','228','Senior'),(2447,'Zoe','Morgan','Zoe.Morgan1@somethinglike.utsa.edu','ZoeMorgan45@gmail.com','F','Kirk Square','64740','Sophomore'),(2448,'Jennifer','Johnson','Jennifer.Johnson1@somethinglike.utsa.edu','JenniferJohnson336@gmail.com','F','Shepherd Curve','5492','Sophomore'),(2449,'Katherine','Wallace','Katherine.Wallace1@somethinglike.utsa.edu','KatherineWallace231@gmail.com','F','Solomon Mall','42921','Senior'),(2450,'Jennifer','Sherman','Jennifer.Sherman1@somethinglike.utsa.edu','JenniferSherman372@yahoo.com','F','Kane Place','265','Sophomore'),(2451,'Brandi','Fitzpatrick','Brandi.Fitzpatrick1@somethinglike.utsa.edu','BrandiFitzpatrick578@gmail.com','F','Bird Extension','13137','Sophomore'),(2452,'William','Robbins','William.Robbins1@somethinglike.utsa.edu','WilliamRobbins703@outlook.com','M','Anthony Walks','5459','Sophomore'),(2453,'David','Kerr','David.Kerr1@somethinglike.utsa.edu','DavidKerr19@gmail.com','M','Larry Mission','3708','Junior'),(2454,'Robert','Blair','Robert.Blair1@somethinglike.utsa.edu','RobertBlair39@gmail.com','M','Lewis Port','4224','Freshman'),(2455,'Curtis','Cordova','Curtis.Cordova1@somethinglike.utsa.edu','CurtisCordova797@gmail.com','M','Michael Lane','44926','Senior'),(2456,'Alexis','Farley','Alexis.Farley1@somethinglike.utsa.edu','AlexisFarley428@outlook.com','M','Madeline Loaf','1193','Junior'),(2457,'Joseph','Robinson','Joseph.Robinson1@somethinglike.utsa.edu','JosephRobinson944@gmail.com','M','Galloway Stravenue','122','Junior'),(2458,'Ralph','Chapman','Ralph.Chapman1@somethinglike.utsa.edu','RalphChapman546@outlook.com','M','Morgan Mill','3807','Freshman'),(2459,'Benjamin','Banks','Benjamin.Banks1@somethinglike.utsa.edu','BenjaminBanks417@yahoo.com','M','George Throughway','384','Junior'),(2460,'Kenneth','Braun','Kenneth.Braun1@somethinglike.utsa.edu','KennethBraun441@outlook.com','M','Edward Vista','095','Sophomore'),(2461,'Mary','Kline','Mary.Kline1@somethinglike.utsa.edu','MaryKline390@gmail.com','F','Beverly Bridge','651','Senior'),(2462,'Gary','Ramirez','Gary.Ramirez1@somethinglike.utsa.edu','GaryRamirez660@outlook.com','M','Hoover Hills','250','Senior'),(2463,'Nathaniel','Hood','Nathaniel.Hood1@somethinglike.utsa.edu','NathanielHood855@outlook.com','M','Smith Fort','9740','Junior'),(2464,'Casey','Berry','Casey.Berry1@somethinglike.utsa.edu','CaseyBerry555@gmail.com','F','Deborah Bridge','012','Senior'),(2465,'James','Harper','James.Harper1@somethinglike.utsa.edu','JamesHarper282@gmail.com','M','Debra Coves','06642','Junior'),(2466,'Sarah','Johnson','Sarah.Johnson1@somethinglike.utsa.edu','SarahJohnson987@yahoo.com','F','Mccoy Path','85930','Freshman'),(2467,'Jason','Palmer','Jason.Palmer1@somethinglike.utsa.edu','JasonPalmer147@yahoo.com','M','Mary Flats','7293','Senior'),(2468,'Daniel','Gonzalez','Daniel.Gonzalez1@somethinglike.utsa.edu','DanielGonzalez786@outlook.com','M','Todd Isle','422','Senior'),(2469,'Laura','Perry','Laura.Perry1@somethinglike.utsa.edu','LauraPerry946@gmail.com','F','Sierra Union','97263','Senior'),(2470,'Jennifer','Hughes','Jennifer.Hughes1@somethinglike.utsa.edu','JenniferHughes165@gmail.com','F','Stephenson Spurs','0983','Junior'),(2471,'Cindy','Ross','Cindy.Ross1@somethinglike.utsa.edu','CindyRoss420@gmail.com','F','Ashley Common','122','Junior'),(2472,'Eric','Flores','Eric.Flores1@somethinglike.utsa.edu','EricFlores955@outlook.com','M','Christine Route','928','Junior'),(2473,'Jason','Smith','Jason.Smith1@somethinglike.utsa.edu','JasonSmith643@outlook.com','M','Taylor Passage','79460','Senior'),(2474,'Paul','Lawrence','Paul.Lawrence1@somethinglike.utsa.edu','PaulLawrence200@outlook.com','M','Matthew Cove','475','Sophomore'),(2475,'Sandra','Brown','Sandra.Brown1@somethinglike.utsa.edu','SandraBrown303@outlook.com','F','Terry Knolls','3533','Freshman'),(2476,'Veronica','Gonzalez','Veronica.Gonzalez1@somethinglike.utsa.edu','VeronicaGonzalez564@outlook.com','F','Martinez Glen','256','Freshman'),(2477,'Alyssa','Ferguson','Alyssa.Ferguson1@somethinglike.utsa.edu','AlyssaFerguson275@outlook.com','F','Amanda Spur','43841','Sophomore'),(2478,'Stephanie','Garcia','Stephanie.Garcia1@somethinglike.utsa.edu','StephanieGarcia137@gmail.com','F','Craig Knoll','21442','Freshman'),(2479,'Katelyn','Phillips','Katelyn.Phillips1@somethinglike.utsa.edu','KatelynPhillips169@gmail.com','F','Chris Union','56451','Senior'),(2480,'Rebecca','Taylor','Rebecca.Taylor1@somethinglike.utsa.edu','RebeccaTaylor474@gmail.com','F','Hunter Circles','6759','Freshman'),(2481,'Emily','Thomas','Emily.Thomas1@somethinglike.utsa.edu','EmilyThomas557@yahoo.com','F','Robert Union','79211','Sophomore'),(2482,'Sean','Hall','Sean.Hall1@somethinglike.utsa.edu','SeanHall156@gmail.com','M','Ronald Road','480','Sophomore'),(2483,'Keith','Powell','Keith.Powell1@somethinglike.utsa.edu','KeithPowell30@yahoo.com','M','Mills Forks','21189','Sophomore'),(2484,'Brianna','Howard','Brianna.Howard1@somethinglike.utsa.edu','BriannaHoward365@yahoo.com','F','Ryan Drive','925','Junior'),(2485,'Catherine','Barrett','Catherine.Barrett1@somethinglike.utsa.edu','CatherineBarrett700@gmail.com','F','Matthew Cove','593','Senior'),(2486,'Ashley','Mcgee','Ashley.Mcgee1@somethinglike.utsa.edu','AshleyMcgee920@gmail.com','F','Jill Neck','974','Junior'),(2487,'Frances','Jensen','Frances.Jensen1@somethinglike.utsa.edu','FrancesJensen545@yahoo.com','F','Blake Lodge','8539','Sophomore'),(2488,'Sue','Green','Sue.Green1@somethinglike.utsa.edu','SueGreen757@yahoo.com','F','Linda Mission','01745','Junior'),(2489,'David','Smith','David.Smith1@somethinglike.utsa.edu','DavidSmith901@outlook.com','M','Little Via','5563','Junior'),(2490,'Alicia','Hanna','Alicia.Hanna1@somethinglike.utsa.edu','AliciaHanna971@outlook.com','F','Morales Rapids','81506','Junior'),(2491,'Briana','Conley','Briana.Conley1@somethinglike.utsa.edu','BrianaConley416@gmail.com','F','Diana Point','3539','Sophomore'),(2492,'Bradley','Walker','Bradley.Walker1@somethinglike.utsa.edu','BradleyWalker5@yahoo.com','M','Stewart Roads','401','Freshman'),(2493,'Joel','Chen','Joel.Chen1@somethinglike.utsa.edu','JoelChen610@yahoo.com','M','Lewis Stream','0202','Freshman'),(2494,'Laura','Frazier','Laura.Frazier1@somethinglike.utsa.edu','LauraFrazier705@yahoo.com','F','Christopher Trafficway','33744','Sophomore'),(2495,'Krystal','Brooks','Krystal.Brooks1@somethinglike.utsa.edu','KrystalBrooks87@gmail.com','F','Duke Trafficway','798','Freshman'),(2496,'Ronald','Rowe','Ronald.Rowe1@somethinglike.utsa.edu','RonaldRowe913@outlook.com','M','David Forest','12109','Senior'),(2497,'Kristin','Lawrence','Kristin.Lawrence1@somethinglike.utsa.edu','KristinLawrence110@yahoo.com','F','Chavez Mission','0985','Senior'),(2498,'Michele','Clark','Michele.Clark1@somethinglike.utsa.edu','MicheleClark598@yahoo.com','F','Spencer Spring','9807','Junior'),(2499,'Laura','Wright','Laura.Wright1@somethinglike.utsa.edu','LauraWright831@gmail.com','F','Baker Shore','1594','Sophomore'),(2500,'Victor','Palmer','Victor.Palmer1@somethinglike.utsa.edu','VictorPalmer799@yahoo.com','M','Griffin Radial','5165','Sophomore'),(2501,'Patrick','Pacheco','Patrick.Pacheco1@somethinglike.utsa.edu','PatrickPacheco847@yahoo.com','M','Wall Cove','390','Sophomore'),(2502,'Taylor','Smith','Taylor.Smith1@somethinglike.utsa.edu','TaylorSmith622@yahoo.com','F','Goodman Creek','073','Sophomore'),(2503,'Denise','Kent','Denise.Kent1@somethinglike.utsa.edu','DeniseKent725@yahoo.com','F','Mueller Greens','69774','Senior'),(2504,'Erin','Blake','Erin.Blake1@somethinglike.utsa.edu','ErinBlake21@yahoo.com','F','Rodriguez Square','26745','Sophomore'),(2505,'Diana','Rangel','Diana.Rangel1@somethinglike.utsa.edu','DianaRangel175@outlook.com','F','Jenna Plaza','7471','Freshman'),(2506,'Angela','Mcdaniel','Angela.Mcdaniel1@somethinglike.utsa.edu','AngelaMcdaniel951@gmail.com','F','Angela Trail','5550','Senior'),(2507,'Janet','Peterson','Janet.Peterson1@somethinglike.utsa.edu','JanetPeterson238@yahoo.com','F','Ware Cape','845','Senior'),(2508,'Tim','Chang','Tim.Chang1@somethinglike.utsa.edu','TimChang491@yahoo.com','M','Jones Viaduct','0792','Freshman'),(2509,'Heather','Gilbert','Heather.Gilbert1@somethinglike.utsa.edu','HeatherGilbert853@yahoo.com','F','Henry Mission','35310','Senior'),(2510,'Jamie','Conner','Jamie.Conner1@somethinglike.utsa.edu','JamieConner484@outlook.com','F','Mark Springs','74327','Sophomore'),(2511,'Brian','Tate','Brian.Tate1@somethinglike.utsa.edu','BrianTate553@outlook.com','M','Hoffman Greens','20046','Sophomore'),(2512,'Kelly','Hampton','Kelly.Hampton1@somethinglike.utsa.edu','KellyHampton872@yahoo.com','F','Pham Isle','9545','Sophomore'),(2513,'Crystal','Singh','Crystal.Singh1@somethinglike.utsa.edu','CrystalSingh70@gmail.com','F','Scott Station','65083','Senior'),(2514,'Michelle','Wilson','Michelle.Wilson1@somethinglike.utsa.edu','MichelleWilson579@outlook.com','F','Anthony Street','523','Freshman'),(2515,'Laura','Fernandez','Laura.Fernandez1@somethinglike.utsa.edu','LauraFernandez493@gmail.com','F','White Greens','05454','Freshman'),(2516,'Crystal','Smith','Crystal.Smith1@somethinglike.utsa.edu','CrystalSmith144@outlook.com','F','Derek Rapid','9200','Freshman'),(2517,'Robert','Donovan','Robert.Donovan1@somethinglike.utsa.edu','RobertDonovan674@gmail.com','M','Christian Drive','266','Sophomore'),(2518,'Albert','Roberts','Albert.Roberts1@somethinglike.utsa.edu','AlbertRoberts7@gmail.com','M','John Branch','5519','Senior'),(2519,'Megan','Watson','Megan.Watson1@somethinglike.utsa.edu','MeganWatson731@yahoo.com','F','Robert Lake','423','Freshman'),(2520,'Sara','Lopez','Sara.Lopez1@somethinglike.utsa.edu','SaraLopez572@outlook.com','F','Sheila Parkways','59989','Junior'),(2521,'Brendan','Martin','Brendan.Martin1@somethinglike.utsa.edu','BrendanMartin702@gmail.com','M','Mcdonald Mission','66515','Sophomore'),(2522,'Chase','Foley','Chase.Foley1@somethinglike.utsa.edu','ChaseFoley509@outlook.com','M','Matthew Trail','55452','Junior'),(2523,'Jason','Clark','Jason.Clark1@somethinglike.utsa.edu','JasonClark9@outlook.com','M','Brandi Ranch','9305','Junior'),(2524,'Breanna','Alexander','Breanna.Alexander1@somethinglike.utsa.edu','BreannaAlexander93@gmail.com','F','Maureen Loaf','9360','Junior'),(2525,'Shelby','Austin','Shelby.Austin1@somethinglike.utsa.edu','ShelbyAustin231@yahoo.com','F','Mendez Oval','9666','Junior'),(2526,'Amy','Thompson','Amy.Thompson1@somethinglike.utsa.edu','AmyThompson881@gmail.com','F','Martinez Road','2963','Sophomore'),(2527,'Michelle','Scott','Michelle.Scott1@somethinglike.utsa.edu','MichelleScott958@gmail.com','F','Kramer Island','5834','Senior'),(2528,'Latoya','Johnson','Latoya.Johnson1@somethinglike.utsa.edu','LatoyaJohnson289@outlook.com','F','Joseph Landing','49630','Sophomore'),(2529,'Daniel','Flynn','Daniel.Flynn1@somethinglike.utsa.edu','DanielFlynn410@outlook.com','M','Anderson Glen','983','Senior'),(2530,'Randy','Valenzuela','Randy.Valenzuela1@somethinglike.utsa.edu','RandyValenzuela671@yahoo.com','M','Cunningham Shore','757','Junior'),(2531,'Lisa','Marsh','Lisa.Marsh1@somethinglike.utsa.edu','LisaMarsh442@outlook.com','F','Julie Locks','654','Junior'),(2532,'Rebecca','Roberts','Rebecca.Roberts1@somethinglike.utsa.edu','RebeccaRoberts785@yahoo.com','F','Green Station','373','Junior'),(2533,'Michael','Crawford','Michael.Crawford1@somethinglike.utsa.edu','MichaelCrawford491@outlook.com','M','Johnson Village','638','Freshman'),(2534,'Ebony','Shields','Ebony.Shields1@somethinglike.utsa.edu','EbonyShields157@outlook.com','F','Kyle Estates','34225','Sophomore'),(2535,'Daniel','Ray','Daniel.Ray1@somethinglike.utsa.edu','DanielRay951@outlook.com','M','Brian Crossroad','9442','Senior'),(2536,'Antonio','Berry','Antonio.Berry1@somethinglike.utsa.edu','AntonioBerry112@yahoo.com','M','Rodriguez Green','9884','Senior'),(2537,'Sarah','Yu','Sarah.Yu1@somethinglike.utsa.edu','SarahYu475@yahoo.com','F','Anthony Stream','9759','Senior'),(2538,'Robert','Wilson','Robert.Wilson1@somethinglike.utsa.edu','RobertWilson691@outlook.com','M','Herring Corner','485','Junior'),(2539,'Stacy','Drake','Stacy.Drake1@somethinglike.utsa.edu','StacyDrake238@outlook.com','F','Billy Crossroad','5055','Freshman'),(2540,'Jose','Daugherty','Jose.Daugherty1@somethinglike.utsa.edu','JoseDaugherty483@outlook.com','M','Ryan Station','19833','Senior'),(2541,'Frank','Peters','Frank.Peters1@somethinglike.utsa.edu','FrankPeters840@outlook.com','M','Blake Corner','53691','Freshman'),(2542,'Jason','Morgan','Jason.Morgan1@somethinglike.utsa.edu','JasonMorgan416@gmail.com','M','Sarah Throughway','43236','Junior'),(2543,'Jeffrey','Mathews','Jeffrey.Mathews1@somethinglike.utsa.edu','JeffreyMathews742@outlook.com','M','Susan Harbors','3819','Sophomore'),(2544,'Jack','Keith','Jack.Keith1@somethinglike.utsa.edu','JackKeith185@yahoo.com','M','Bright Pass','79390','Junior'),(2545,'Keith','Guerrero','Keith.Guerrero1@somethinglike.utsa.edu','KeithGuerrero239@gmail.com','M','Reynolds Courts','15519','Freshman'),(2546,'Diane','Haney','Diane.Haney1@somethinglike.utsa.edu','DianeHaney547@gmail.com','F','Nancy Hollow','116','Sophomore'),(2547,'John','Knox','John.Knox1@somethinglike.utsa.edu','JohnKnox841@yahoo.com','M','David Dam','90778','Sophomore'),(2548,'Juan','Coleman','Juan.Coleman1@somethinglike.utsa.edu','JuanColeman758@outlook.com','M','Jeff Via','52417','Sophomore'),(2549,'Jerry','David','Jerry.David1@somethinglike.utsa.edu','JerryDavid532@yahoo.com','M','Green Neck','72939','Senior'),(2550,'Jared','Jordan','Jared.Jordan1@somethinglike.utsa.edu','JaredJordan549@gmail.com','M','Jackson Stream','871','Sophomore'),(2551,'Robert','Franklin','Robert.Franklin1@somethinglike.utsa.edu','RobertFranklin950@outlook.com','M','Fleming Port','0473','Senior'),(2552,'Jennifer','Roberts','Jennifer.Roberts1@somethinglike.utsa.edu','JenniferRoberts826@gmail.com','F','Johnson Via','60980','Senior'),(2553,'Paul','Brown','Paul.Brown1@somethinglike.utsa.edu','PaulBrown390@gmail.com','M','Chavez Row','86164','Junior'),(2554,'Robert','Williams','Robert.Williams1@somethinglike.utsa.edu','RobertWilliams596@outlook.com','M','Williams Keys','190','Junior'),(2555,'Sherri','Fox','Sherri.Fox1@somethinglike.utsa.edu','SherriFox693@outlook.com','F','Mary Throughway','039','Sophomore'),(2556,'Kevin','Clayton','Kevin.Clayton1@somethinglike.utsa.edu','KevinClayton257@gmail.com','M','Daniel Crossing','83379','Freshman'),(2557,'Suzanne','Ross','Suzanne.Ross1@somethinglike.utsa.edu','SuzanneRoss24@yahoo.com','F','Alexa Oval','32671','Sophomore'),(2558,'David','Russo','David.Russo1@somethinglike.utsa.edu','DavidRusso388@gmail.com','M','Eric Well','764','Junior'),(2559,'Lee','Lee','Lee.Lee1@somethinglike.utsa.edu','LeeLee431@yahoo.com','M','Andrea Square','627','Freshman'),(2560,'Patrick','Lamb','Patrick.Lamb1@somethinglike.utsa.edu','PatrickLamb709@outlook.com','M','Natalie Lights','779','Freshman'),(2561,'Natalie','Fisher','Natalie.Fisher1@somethinglike.utsa.edu','NatalieFisher481@gmail.com','F','Megan Hills','835','Senior'),(2562,'Tammy','Mccarty','Tammy.Mccarty1@somethinglike.utsa.edu','TammyMccarty131@outlook.com','F','Allen Pass','4465','Junior'),(2563,'Natalie','Riggs','Natalie.Riggs1@somethinglike.utsa.edu','NatalieRiggs80@yahoo.com','F','Megan Hollow','3136','Junior'),(2564,'Tommy','Martin','Tommy.Martin1@somethinglike.utsa.edu','TommyMartin464@gmail.com','M','Robert Mountain','48561','Junior'),(2565,'Lauren','Alvarez','Lauren.Alvarez1@somethinglike.utsa.edu','LaurenAlvarez793@outlook.com','F','Traci Route','84406','Freshman'),(2566,'Jenna','Johnson','Jenna.Johnson1@somethinglike.utsa.edu','JennaJohnson740@gmail.com','F','Kristin Mall','5660','Senior'),(2567,'Debra','Wells','Debra.Wells1@somethinglike.utsa.edu','DebraWells229@outlook.com','F','Rebecca Camp','98325','Sophomore'),(2568,'Jessica','Wagner','Jessica.Wagner1@somethinglike.utsa.edu','JessicaWagner488@outlook.com','F','Wright Club','2933','Sophomore'),(2569,'Chad','Jacobson','Chad.Jacobson1@somethinglike.utsa.edu','ChadJacobson451@outlook.com','M','Scott Hollow','806','Junior'),(2570,'Julie','Gilbert','Julie.Gilbert1@somethinglike.utsa.edu','JulieGilbert613@gmail.com','F','Benjamin Shoal','86515','Freshman'),(2571,'Alexander','Gregory','Alexander.Gregory1@somethinglike.utsa.edu','AlexanderGregory307@yahoo.com','M','Le Fort','6067','Freshman'),(2572,'Tyler','Martin','Tyler.Martin1@somethinglike.utsa.edu','TylerMartin158@outlook.com','M','Crystal Wall','818','Freshman'),(2573,'Claudia','Hammond','Claudia.Hammond1@somethinglike.utsa.edu','ClaudiaHammond890@yahoo.com','F','Morris Fort','905','Sophomore'),(2574,'Tina','Fritz','Tina.Fritz1@somethinglike.utsa.edu','TinaFritz399@yahoo.com','F','Paige Union','921','Sophomore'),(2575,'Judy','Johnson','Judy.Johnson1@somethinglike.utsa.edu','JudyJohnson508@gmail.com','F','Wright Extensions','82263','Sophomore'),(2576,'Elizabeth','Clements','Elizabeth.Clements1@somethinglike.utsa.edu','ElizabethClements48@outlook.com','F','Brian Burg','547','Sophomore'),(2577,'Robin','Hardy','Robin.Hardy1@somethinglike.utsa.edu','RobinHardy187@yahoo.com','F','Ramirez Isle','2178','Senior'),(2578,'Brian','Quinn','Brian.Quinn1@somethinglike.utsa.edu','BrianQuinn648@yahoo.com','M','Frank Mall','84554','Senior'),(2579,'Jordan','Singh','Jordan.Singh1@somethinglike.utsa.edu','JordanSingh612@outlook.com','M','Shelly Manor','196','Freshman'),(2580,'Joe','Jones','Joe.Jones1@somethinglike.utsa.edu','JoeJones499@yahoo.com','M','Jennifer Villages','262','Junior'),(2581,'Jason','Hoffman','Jason.Hoffman1@somethinglike.utsa.edu','JasonHoffman0@gmail.com','M','Max Harbors','2197','Freshman'),(2582,'Joshua','Edwards','Joshua.Edwards1@somethinglike.utsa.edu','JoshuaEdwards248@outlook.com','M','Ann Underpass','037','Sophomore'),(2583,'Oscar','Soto','Oscar.Soto1@somethinglike.utsa.edu','OscarSoto882@yahoo.com','M','Taylor Plains','34834','Senior'),(2584,'Amy','Richardson','Amy.Richardson1@somethinglike.utsa.edu','AmyRichardson906@yahoo.com','F','Cruz Camp','94374','Junior'),(2585,'April','Patterson','April.Patterson1@somethinglike.utsa.edu','AprilPatterson701@gmail.com','F','Heather Springs','56346','Sophomore'),(2586,'Kathryn','Cunningham','Kathryn.Cunningham1@somethinglike.utsa.edu','KathrynCunningham570@outlook.com','F','Mark Shores','66453','Senior'),(2587,'Kathy','Avila','Kathy.Avila1@somethinglike.utsa.edu','KathyAvila449@yahoo.com','F','Kimberly Tunnel','34227','Junior'),(2588,'Crystal','Miller','Crystal.Miller1@somethinglike.utsa.edu','CrystalMiller68@gmail.com','F','Randy Manors','029','Sophomore'),(2589,'Dwayne','Aguirre','Dwayne.Aguirre1@somethinglike.utsa.edu','DwayneAguirre769@gmail.com','M','Rios Port','47619','Senior'),(2590,'Megan','Norris','Megan.Norris1@somethinglike.utsa.edu','MeganNorris724@yahoo.com','F','Elizabeth Lakes','99015','Sophomore'),(2591,'Mary','Mathews','Mary.Mathews1@somethinglike.utsa.edu','MaryMathews721@gmail.com','F','Roberts Courts','19637','Freshman'),(2592,'Christine','Underwood','Christine.Underwood1@somethinglike.utsa.edu','ChristineUnderwood212@gmail.com','F','Stone Estates','08716','Senior'),(2593,'Lori','Dominguez','Lori.Dominguez1@somethinglike.utsa.edu','LoriDominguez553@gmail.com','F','Christopher Trafficway','579','Freshman'),(2594,'Corey','Burns','Corey.Burns1@somethinglike.utsa.edu','CoreyBurns543@yahoo.com','M','Williams Glen','8469','Senior'),(2595,'April','Cordova','April.Cordova1@somethinglike.utsa.edu','AprilCordova389@yahoo.com','F','Thomas Stravenue','8579','Freshman'),(2596,'Benjamin','Parker','Benjamin.Parker1@somethinglike.utsa.edu','BenjaminParker619@yahoo.com','M','Ford Mills','275','Senior'),(2597,'Austin','Holland','Austin.Holland1@somethinglike.utsa.edu','AustinHolland208@outlook.com','M','Brenda Shores','412','Junior'),(2598,'Monica','Salas','Monica.Salas1@somethinglike.utsa.edu','MonicaSalas85@yahoo.com','F','Drake Orchard','2065','Freshman'),(2599,'Eric','Williams','Eric.Williams1@somethinglike.utsa.edu','EricWilliams628@gmail.com','M','Brandon Manors','106','Junior'),(2600,'John','Clark','John.Clark1@somethinglike.utsa.edu','JohnClark476@outlook.com','M','Shepard Extensions','9010','Freshman'),(2601,'Darlene','Thomas','Darlene.Thomas1@somethinglike.utsa.edu','DarleneThomas285@gmail.com','F','Patricia Forge','38007','Senior'),(2602,'Katherine','Hernandez','Katherine.Hernandez1@somethinglike.utsa.edu','KatherineHernandez763@yahoo.com','F','Bryan Shoals','003','Junior'),(2603,'Troy','Morales','Troy.Morales1@somethinglike.utsa.edu','TroyMorales843@yahoo.com','M','Mueller Park','1821','Junior'),(2604,'Jacob','Flores','Jacob.Flores1@somethinglike.utsa.edu','JacobFlores45@gmail.com','M','Melanie Springs','938','Junior'),(2605,'Kayla','Evans','Kayla.Evans1@somethinglike.utsa.edu','KaylaEvans64@yahoo.com','F','Eric Knoll','14668','Senior'),(2606,'Dawn','Hernandez','Dawn.Hernandez1@somethinglike.utsa.edu','DawnHernandez327@outlook.com','F','Bernard Crest','06809','Freshman'),(2607,'Dillon','Hopkins','Dillon.Hopkins1@somethinglike.utsa.edu','DillonHopkins444@yahoo.com','M','Young Brook','00351','Sophomore'),(2608,'Mark','Ochoa','Mark.Ochoa1@somethinglike.utsa.edu','MarkOchoa906@gmail.com','M','Justin Mountain','16344','Freshman'),(2609,'Stephanie','Garza','Stephanie.Garza1@somethinglike.utsa.edu','StephanieGarza253@gmail.com','F','Patricia Plains','55450','Junior'),(2610,'Amy','Carter','Amy.Carter1@somethinglike.utsa.edu','AmyCarter393@gmail.com','F','Ramirez Avenue','75331','Junior'),(2611,'Jessica','Ferguson','Jessica.Ferguson1@somethinglike.utsa.edu','JessicaFerguson382@yahoo.com','F','Evan Route','381','Sophomore'),(2612,'Dustin','Thornton','Dustin.Thornton1@somethinglike.utsa.edu','DustinThornton346@yahoo.com','M','Brown Knolls','79937','Freshman'),(2613,'Jonathan','Mcintyre','Jonathan.Mcintyre1@somethinglike.utsa.edu','JonathanMcintyre929@outlook.com','M','Michael Ways','559','Freshman'),(2614,'Lisa','Wiggins','Lisa.Wiggins1@somethinglike.utsa.edu','LisaWiggins339@gmail.com','F','Lisa Manors','156','Junior'),(2615,'Jay','Allen','Jay.Allen1@somethinglike.utsa.edu','JayAllen628@yahoo.com','M','Mcconnell Loaf','843','Senior'),(2616,'Ricky','Jones','Ricky.Jones1@somethinglike.utsa.edu','RickyJones257@yahoo.com','M','Roberson Falls','05611','Freshman'),(2617,'Richard','Dunn','Richard.Dunn1@somethinglike.utsa.edu','RichardDunn881@yahoo.com','M','Michael Expressway','7654','Sophomore'),(2618,'Taylor','Roberts','Taylor.Roberts1@somethinglike.utsa.edu','TaylorRoberts35@yahoo.com','F','Patterson Extension','2726','Sophomore'),(2619,'Kimberly','Soto','Kimberly.Soto1@somethinglike.utsa.edu','KimberlySoto99@yahoo.com','F','Martinez Squares','55314','Sophomore'),(2620,'Jack','Williams','Jack.Williams1@somethinglike.utsa.edu','JackWilliams710@yahoo.com','M','Salas Plaza','930','Sophomore'),(2621,'Jordan','Jones','Jordan.Jones1@somethinglike.utsa.edu','JordanJones206@yahoo.com','F','Jamie Rue','355','Senior'),(2622,'Adrienne','Neal','Adrienne.Neal1@somethinglike.utsa.edu','AdrienneNeal161@outlook.com','F','Matthew Circle','2616','Junior'),(2623,'Thomas','Woodard','Thomas.Woodard1@somethinglike.utsa.edu','ThomasWoodard221@outlook.com','M','Donna Mountains','505','Junior'),(2624,'Alexander','Owens','Alexander.Owens1@somethinglike.utsa.edu','AlexanderOwens283@yahoo.com','M','Stephanie Pine','16162','Freshman'),(2625,'Samuel','Andrews','Samuel.Andrews1@somethinglike.utsa.edu','SamuelAndrews676@outlook.com','M','Armstrong Avenue','093','Junior'),(2626,'Tanya','Larson','Tanya.Larson1@somethinglike.utsa.edu','TanyaLarson35@gmail.com','F','Terrell Mission','08087','Freshman'),(2627,'Shirley','Price','Shirley.Price1@somethinglike.utsa.edu','ShirleyPrice822@gmail.com','F','Morgan Ridge','129','Sophomore'),(2628,'Megan','Le','Megan.Le1@somethinglike.utsa.edu','MeganLe206@yahoo.com','F','Seth Neck','6300','Junior'),(2629,'Morgan','Bender','Morgan.Bender1@somethinglike.utsa.edu','MorganBender91@outlook.com','F','Reyes Freeway','908','Senior'),(2630,'Mark','Gonzalez','Mark.Gonzalez1@somethinglike.utsa.edu','MarkGonzalez82@yahoo.com','M','Humphrey Square','48826','Senior'),(2631,'Sheila','Dean','Sheila.Dean1@somethinglike.utsa.edu','SheilaDean178@outlook.com','F','Wendy Glens','3195','Sophomore'),(2632,'Samantha','Hernandez','Samantha.Hernandez1@somethinglike.utsa.edu','SamanthaHernandez689@yahoo.com','F','Stokes Overpass','46556','Junior'),(2633,'Henry','Waller','Henry.Waller1@somethinglike.utsa.edu','HenryWaller23@gmail.com','M','Powers Avenue','75315','Junior'),(2634,'Adam','Valencia','Adam.Valencia1@somethinglike.utsa.edu','AdamValencia891@yahoo.com','M','Harris Manors','65103','Junior'),(2635,'Madison','Jones','Madison.Jones1@somethinglike.utsa.edu','MadisonJones560@yahoo.com','F','Huynh Ford','39654','Junior'),(2636,'Steven','Petty','Steven.Petty1@somethinglike.utsa.edu','StevenPetty802@yahoo.com','M','Deborah Park','27910','Sophomore'),(2637,'Eric','Ramos','Eric.Ramos1@somethinglike.utsa.edu','EricRamos265@yahoo.com','M','Gonzalez Plains','54225','Freshman'),(2638,'Jennifer','Erickson','Jennifer.Erickson1@somethinglike.utsa.edu','JenniferErickson428@outlook.com','F','Hayes Vista','2973','Sophomore'),(2639,'Deborah','Barnes','Deborah.Barnes1@somethinglike.utsa.edu','DeborahBarnes973@outlook.com','F','Henry Junctions','5057','Senior'),(2640,'Holly','Chen','Holly.Chen1@somethinglike.utsa.edu','HollyChen725@gmail.com','F','Whitney Village','844','Senior'),(2641,'Loretta','Richard','Loretta.Richard1@somethinglike.utsa.edu','LorettaRichard173@yahoo.com','F','Mooney Key','768','Freshman'),(2642,'Andrew','Weaver','Andrew.Weaver1@somethinglike.utsa.edu','AndrewWeaver723@outlook.com','M','Michael Brooks','789','Senior'),(2643,'Jeffery','Cohen','Jeffery.Cohen1@somethinglike.utsa.edu','JefferyCohen244@gmail.com','M','Tanya Passage','398','Junior'),(2644,'Shawn','Jennings','Shawn.Jennings1@somethinglike.utsa.edu','ShawnJennings844@gmail.com','M','Wilson Center','5507','Sophomore'),(2645,'Melissa','Mejia','Melissa.Mejia1@somethinglike.utsa.edu','MelissaMejia15@outlook.com','F','Carla Union','964','Senior'),(2646,'John','Austin','John.Austin1@somethinglike.utsa.edu','JohnAustin539@gmail.com','M','Kelly Gateway','73345','Senior'),(2647,'Chelsea','Duncan','Chelsea.Duncan1@somethinglike.utsa.edu','ChelseaDuncan274@outlook.com','F','Hernandez Turnpike','3399','Senior'),(2648,'Christine','James','Christine.James1@somethinglike.utsa.edu','ChristineJames714@gmail.com','F','Todd Hollow','114','Sophomore'),(2649,'Colleen','Brown','Colleen.Brown1@somethinglike.utsa.edu','ColleenBrown207@gmail.com','F','Stacey Highway','7643','Sophomore'),(2650,'Michael','Watson','Michael.Watson1@somethinglike.utsa.edu','MichaelWatson818@outlook.com','M','Rebecca Islands','5182','Sophomore'),(2651,'Marc','Bishop','Marc.Bishop1@somethinglike.utsa.edu','MarcBishop564@outlook.com','M','Rose Union','8221','Freshman'),(2652,'Christian','Scott','Christian.Scott1@somethinglike.utsa.edu','ChristianScott238@yahoo.com','M','Diana Knolls','685','Senior'),(2653,'Trevor','Yang','Trevor.Yang1@somethinglike.utsa.edu','TrevorYang249@yahoo.com','M','Johnson Flats','606','Sophomore'),(2654,'Maurice','Lawrence','Maurice.Lawrence1@somethinglike.utsa.edu','MauriceLawrence762@gmail.com','M','Daniel Common','6843','Junior'),(2655,'Johnny','Thompson','Johnny.Thompson1@somethinglike.utsa.edu','JohnnyThompson739@outlook.com','M','Meyer Mountains','1055','Sophomore'),(2656,'Joe','Patel','Joe.Patel1@somethinglike.utsa.edu','JoePatel421@gmail.com','M','Bryan Mission','74822','Senior'),(2657,'Leslie','Lowe','Leslie.Lowe1@somethinglike.utsa.edu','LeslieLowe217@outlook.com','F','Steve Crest','556','Senior'),(2658,'Gregory','Leblanc','Gregory.Leblanc1@somethinglike.utsa.edu','GregoryLeblanc129@gmail.com','M','Gibbs Oval','998','Freshman'),(2659,'Stephen','Ponce','Stephen.Ponce1@somethinglike.utsa.edu','StephenPonce10@yahoo.com','M','Mccarty Burgs','8718','Sophomore'),(2660,'Michelle','Camacho','Michelle.Camacho1@somethinglike.utsa.edu','MichelleCamacho461@yahoo.com','F','Christina Landing','92425','Junior'),(2661,'Samantha','Walker','Samantha.Walker1@somethinglike.utsa.edu','SamanthaWalker996@outlook.com','F','Sims Ville','805','Senior'),(2662,'Tammy','Bradley','Tammy.Bradley1@somethinglike.utsa.edu','TammyBradley743@gmail.com','F','Harris Mall','956','Sophomore'),(2663,'Jeffrey','Lee','Jeffrey.Lee1@somethinglike.utsa.edu','JeffreyLee758@gmail.com','M','Williams Fields','70212','Freshman'),(2664,'Joseph','Becker','Joseph.Becker1@somethinglike.utsa.edu','JosephBecker523@gmail.com','M','Glenda Vista','3802','Senior'),(2665,'James','Wilson','James.Wilson1@somethinglike.utsa.edu','JamesWilson461@yahoo.com','M','Palmer Fork','701','Sophomore'),(2666,'Ashley','Warren','Ashley.Warren1@somethinglike.utsa.edu','AshleyWarren13@yahoo.com','F','Tara Stravenue','91024','Sophomore'),(2667,'Teresa','Carpenter','Teresa.Carpenter1@somethinglike.utsa.edu','TeresaCarpenter682@outlook.com','F','Kyle Shoals','9993','Junior'),(2668,'Erica','Farmer','Erica.Farmer1@somethinglike.utsa.edu','EricaFarmer513@yahoo.com','F','Martin Shores','32967','Junior'),(2669,'James','Lawrence','James.Lawrence1@somethinglike.utsa.edu','JamesLawrence23@outlook.com','M','Juan View','60234','Sophomore'),(2670,'Angela','Lee','Angela.Lee1@somethinglike.utsa.edu','AngelaLee347@outlook.com','F','Gray Shores','3415','Junior'),(2671,'Katherine','Rivera','Katherine.Rivera1@somethinglike.utsa.edu','KatherineRivera142@outlook.com','F','Diane Vista','99773','Junior'),(2672,'Melissa','West','Melissa.West1@somethinglike.utsa.edu','MelissaWest357@yahoo.com','F','Johnathan Canyon','58406','Senior'),(2673,'Holly','Clark','Holly.Clark1@somethinglike.utsa.edu','HollyClark592@outlook.com','F','Leslie Road','101','Junior'),(2674,'Daniel','Gomez','Daniel.Gomez1@somethinglike.utsa.edu','DanielGomez193@outlook.com','M','Amanda Groves','327','Sophomore'),(2675,'Jocelyn','Robinson','Jocelyn.Robinson1@somethinglike.utsa.edu','JocelynRobinson526@gmail.com','F','Kelsey Plaza','15921','Sophomore'),(2676,'Michele','Reeves','Michele.Reeves1@somethinglike.utsa.edu','MicheleReeves939@outlook.com','F','Whitehead Ford','13344','Junior'),(2677,'Rachael','Glenn','Rachael.Glenn1@somethinglike.utsa.edu','RachaelGlenn308@outlook.com','F','Amy Parks','2113','Freshman'),(2678,'Robert','Wagner','Robert.Wagner1@somethinglike.utsa.edu','RobertWagner991@outlook.com','M','David Flat','9715','Senior'),(2679,'Jeff','Thompson','Jeff.Thompson1@somethinglike.utsa.edu','JeffThompson18@gmail.com','M','Newman Ports','292','Freshman'),(2680,'Melissa','Mclean','Melissa.Mclean1@somethinglike.utsa.edu','MelissaMclean812@gmail.com','F','Michelle Ford','3970','Sophomore'),(2681,'Reginald','Dickson','Reginald.Dickson1@somethinglike.utsa.edu','ReginaldDickson632@gmail.com','M','Williams Islands','52057','Junior'),(2682,'Pamela','Hawkins','Pamela.Hawkins1@somethinglike.utsa.edu','PamelaHawkins9@yahoo.com','F','Blackburn Inlet','823','Freshman'),(2683,'Matthew','Alvarez','Matthew.Alvarez1@somethinglike.utsa.edu','MatthewAlvarez622@gmail.com','M','Sean Ramp','4095','Junior'),(2684,'Devin','Davis','Devin.Davis1@somethinglike.utsa.edu','DevinDavis402@outlook.com','M','Rachel Causeway','10441','Junior'),(2685,'Tammy','Underwood','Tammy.Underwood1@somethinglike.utsa.edu','TammyUnderwood89@yahoo.com','F','Lindsey Ridge','55997','Senior'),(2686,'Alexander','Poole','Alexander.Poole1@somethinglike.utsa.edu','AlexanderPoole716@gmail.com','M','Chandler Lodge','9035','Sophomore'),(2687,'Gregory','Morris','Gregory.Morris1@somethinglike.utsa.edu','GregoryMorris608@yahoo.com','M','Lee Center','49834','Junior'),(2688,'Brittany','Galloway','Brittany.Galloway1@somethinglike.utsa.edu','BrittanyGalloway756@gmail.com','F','Cardenas Glens','00927','Senior'),(2689,'Timothy','Hernandez','Timothy.Hernandez1@somethinglike.utsa.edu','TimothyHernandez326@gmail.com','M','Mary Stream','4681','Sophomore'),(2690,'Kayla','Robinson','Kayla.Robinson1@somethinglike.utsa.edu','KaylaRobinson673@gmail.com','F','Johnson Lakes','494','Senior'),(2691,'David','Parker','David.Parker1@somethinglike.utsa.edu','DavidParker927@gmail.com','M','Hill Lane','1163','Freshman'),(2692,'Vanessa','Thompson','Vanessa.Thompson1@somethinglike.utsa.edu','VanessaThompson918@yahoo.com','F','Joshua Landing','877','Freshman'),(2693,'Michael','Livingston','Michael.Livingston1@somethinglike.utsa.edu','MichaelLivingston514@gmail.com','M','Clark Plains','5139','Senior'),(2694,'Karen','Howe','Karen.Howe1@somethinglike.utsa.edu','KarenHowe339@yahoo.com','F','Marisa Brooks','13865','Sophomore'),(2695,'Jonathan','Davis','Jonathan.Davis1@somethinglike.utsa.edu','JonathanDavis347@gmail.com','M','Le Mountain','48875','Junior'),(2696,'Lisa','Martinez','Lisa.Martinez1@somethinglike.utsa.edu','LisaMartinez497@outlook.com','F','Tina Causeway','9339','Junior'),(2697,'Cristina','Johnson','Cristina.Johnson1@somethinglike.utsa.edu','CristinaJohnson917@yahoo.com','F','Paul Mall','2967','Freshman'),(2698,'Betty','Moore','Betty.Moore1@somethinglike.utsa.edu','BettyMoore823@gmail.com','F','Nathaniel Village','715','Freshman'),(2699,'Debbie','Anderson','Debbie.Anderson1@somethinglike.utsa.edu','DebbieAnderson572@yahoo.com','F','Johnson Flat','443','Senior'),(2700,'Angela','Wilson','Angela.Wilson1@somethinglike.utsa.edu','AngelaWilson431@yahoo.com','F','Burgess Ways','48103','Sophomore'),(2701,'Connie','Medina','Connie.Medina1@somethinglike.utsa.edu','ConnieMedina784@gmail.com','F','Nathan Isle','43806','Freshman'),(2702,'David','Hughes','David.Hughes1@somethinglike.utsa.edu','DavidHughes858@gmail.com','M','Connie Alley','238','Senior'),(2703,'April','Cummings','April.Cummings1@somethinglike.utsa.edu','AprilCummings702@yahoo.com','F','Dorsey Extensions','97079','Freshman'),(2704,'Stacey','Hensley','Stacey.Hensley1@somethinglike.utsa.edu','StaceyHensley268@outlook.com','F','Erika Springs','1332','Freshman'),(2705,'Brittney','Black','Brittney.Black1@somethinglike.utsa.edu','BrittneyBlack521@yahoo.com','F','Griffin Fields','3277','Freshman'),(2706,'Richard','Martin','Richard.Martin1@somethinglike.utsa.edu','RichardMartin41@yahoo.com','M','Kathryn Loaf','3547','Freshman'),(2707,'Michael','Lyons','Michael.Lyons1@somethinglike.utsa.edu','MichaelLyons909@gmail.com','M','Cole Stream','90498','Senior'),(2708,'Natasha','Barrett','Natasha.Barrett1@somethinglike.utsa.edu','NatashaBarrett802@outlook.com','F','Robert Ranch','00942','Freshman'),(2709,'Andrea','Johnson','Andrea.Johnson1@somethinglike.utsa.edu','AndreaJohnson647@gmail.com','F','Burch Station','6166','Freshman'),(2710,'Nancy','Potter','Nancy.Potter1@somethinglike.utsa.edu','NancyPotter659@yahoo.com','F','Frank Rapids','6578','Sophomore'),(2711,'William','Hernandez','William.Hernandez1@somethinglike.utsa.edu','WilliamHernandez214@outlook.com','M','Jill Haven','9124','Freshman'),(2712,'William','Wright','William.Wright1@somethinglike.utsa.edu','WilliamWright613@outlook.com','M','Mack Loop','515','Sophomore'),(2713,'Katherine','Rodriguez','Katherine.Rodriguez1@somethinglike.utsa.edu','KatherineRodriguez416@outlook.com','F','Elizabeth Harbor','32558','Freshman'),(2714,'Courtney','Mckay','Courtney.Mckay1@somethinglike.utsa.edu','CourtneyMckay899@yahoo.com','F','Brittany Vista','387','Sophomore'),(2715,'Russell','Thompson','Russell.Thompson1@somethinglike.utsa.edu','RussellThompson659@gmail.com','M','Simpson View','8643','Sophomore'),(2716,'Bryan','Luna','Bryan.Luna1@somethinglike.utsa.edu','BryanLuna590@outlook.com','M','Oliver Street','5112','Junior'),(2717,'Maria','Perez','Maria.Perez1@somethinglike.utsa.edu','MariaPerez258@gmail.com','F','Brian Ferry','720','Senior'),(2718,'David','Gonzalez','David.Gonzalez1@somethinglike.utsa.edu','DavidGonzalez885@yahoo.com','M','Matthew Trail','4595','Freshman'),(2719,'Frank','Turner','Frank.Turner1@somethinglike.utsa.edu','FrankTurner897@gmail.com','M','Clay Spurs','9595','Junior'),(2720,'Richard','Davis','Richard.Davis1@somethinglike.utsa.edu','RichardDavis791@gmail.com','M','Gina Drives','953','Sophomore'),(2721,'Alexander','Castro','Alexander.Castro1@somethinglike.utsa.edu','AlexanderCastro976@outlook.com','M','Simmons Highway','7034','Freshman'),(2722,'Melissa','Cherry','Melissa.Cherry1@somethinglike.utsa.edu','MelissaCherry857@gmail.com','F','Kramer Islands','11059','Junior'),(2723,'Ronnie','Reese','Ronnie.Reese1@somethinglike.utsa.edu','RonnieReese88@outlook.com','M','Garza Greens','385','Sophomore'),(2724,'Stephanie','Lewis','Stephanie.Lewis1@somethinglike.utsa.edu','StephanieLewis461@outlook.com','F','Dillon Mission','2146','Senior'),(2725,'Sarah','Shelton','Sarah.Shelton1@somethinglike.utsa.edu','SarahShelton548@yahoo.com','F','Fields Mews','3062','Freshman'),(2726,'Ernest','Sosa','Ernest.Sosa1@somethinglike.utsa.edu','ErnestSosa323@outlook.com','M','Allison Orchard','9077','Senior'),(2727,'Kimberly','Santos','Kimberly.Santos1@somethinglike.utsa.edu','KimberlySantos555@outlook.com','F','Miller Vista','376','Senior'),(2728,'Joshua','Murphy','Joshua.Murphy1@somethinglike.utsa.edu','JoshuaMurphy928@gmail.com','M','Bradley Brooks','9623','Sophomore'),(2729,'Wendy','May','Wendy.May1@somethinglike.utsa.edu','WendyMay848@yahoo.com','F','Boyer Well','220','Junior'),(2730,'Patrick','Frost','Patrick.Frost1@somethinglike.utsa.edu','PatrickFrost900@gmail.com','M','Tiffany Avenue','91103','Sophomore'),(2731,'David','Robinson','David.Robinson1@somethinglike.utsa.edu','DavidRobinson35@outlook.com','M','Rose Lodge','59156','Freshman'),(2732,'Bryan','Nguyen','Bryan.Nguyen1@somethinglike.utsa.edu','BryanNguyen536@outlook.com','M','Wanda Hill','0215','Junior'),(2733,'Tiffany','Mitchell','Tiffany.Mitchell1@somethinglike.utsa.edu','TiffanyMitchell960@yahoo.com','F','Douglas Throughway','31162','Senior'),(2734,'Kathleen','Schmitt','Kathleen.Schmitt1@somethinglike.utsa.edu','KathleenSchmitt605@outlook.com','F','Johns Square','201','Senior'),(2735,'Alicia','Hernandez','Alicia.Hernandez1@somethinglike.utsa.edu','AliciaHernandez237@yahoo.com','F','Duncan Corner','842','Freshman'),(2736,'Debbie','Coleman','Debbie.Coleman1@somethinglike.utsa.edu','DebbieColeman800@outlook.com','F','Neal Street','8469','Junior'),(2737,'Evan','Bush','Evan.Bush1@somethinglike.utsa.edu','EvanBush255@yahoo.com','M','Michelle Park','210','Freshman'),(2738,'Christine','Perez','Christine.Perez1@somethinglike.utsa.edu','ChristinePerez113@outlook.com','F','Sarah Field','464','Senior'),(2739,'Robert','Ford','Robert.Ford1@somethinglike.utsa.edu','RobertFord558@gmail.com','M','Harvey Summit','633','Freshman'),(2740,'Michael','Smith','Michael.Smith1@somethinglike.utsa.edu','MichaelSmith583@outlook.com','M','Michael Expressway','3086','Freshman'),(2741,'Stacy','Fernandez','Stacy.Fernandez1@somethinglike.utsa.edu','StacyFernandez184@outlook.com','F','David Corners','05021','Junior'),(2742,'Kiara','Rodriguez','Kiara.Rodriguez1@somethinglike.utsa.edu','KiaraRodriguez494@outlook.com','F','David Lane','407','Freshman'),(2743,'Brian','Lawson','Brian.Lawson1@somethinglike.utsa.edu','BrianLawson670@yahoo.com','M','Lindsay Expressway','97449','Senior'),(2744,'Lindsey','Moyer','Lindsey.Moyer1@somethinglike.utsa.edu','LindseyMoyer699@yahoo.com','F','Leach Cove','18272','Sophomore'),(2745,'Adam','Johnson','Adam.Johnson1@somethinglike.utsa.edu','AdamJohnson779@yahoo.com','M','David Green','7349','Senior'),(2746,'Justin','Mccullough','Justin.Mccullough1@somethinglike.utsa.edu','JustinMccullough853@outlook.com','M','Faulkner Forges','861','Junior'),(2747,'Jennifer','Gonzalez','Jennifer.Gonzalez1@somethinglike.utsa.edu','JenniferGonzalez218@gmail.com','F','Cervantes Run','930','Senior'),(2748,'Jonathan','Jones','Jonathan.Jones1@somethinglike.utsa.edu','JonathanJones626@outlook.com','M','Kelly Stravenue','56107','Junior'),(2749,'Jessica','Torres','Jessica.Torres1@somethinglike.utsa.edu','JessicaTorres440@yahoo.com','F','Ponce Harbors','9220','Sophomore'),(2750,'Andrea','Williams','Andrea.Williams1@somethinglike.utsa.edu','AndreaWilliams400@gmail.com','F','Moreno Villages','3605','Junior'),(2751,'Patricia','Gordon','Patricia.Gordon1@somethinglike.utsa.edu','PatriciaGordon302@gmail.com','F','Forbes Rapid','9499','Sophomore'),(2752,'Ashley','Thompson','Ashley.Thompson1@somethinglike.utsa.edu','AshleyThompson985@gmail.com','F','Cynthia Plaza','864','Junior'),(2753,'Brenda','Andrews','Brenda.Andrews1@somethinglike.utsa.edu','BrendaAndrews243@yahoo.com','F','Graham Terrace','9073','Junior'),(2754,'Joseph','Mitchell','Joseph.Mitchell1@somethinglike.utsa.edu','JosephMitchell329@gmail.com','M','Alexander Rest','841','Sophomore'),(2755,'Jennifer','Walton','Jennifer.Walton1@somethinglike.utsa.edu','JenniferWalton563@gmail.com','F','Ho Stream','635','Freshman'),(2756,'Teresa','Smith','Teresa.Smith1@somethinglike.utsa.edu','TeresaSmith491@gmail.com','F','Cindy Squares','616','Sophomore'),(2757,'Gabriella','Robinson','Gabriella.Robinson1@somethinglike.utsa.edu','GabriellaRobinson619@gmail.com','F','Schmitt Keys','2551','Freshman'),(2758,'Dawn','Murillo','Dawn.Murillo1@somethinglike.utsa.edu','DawnMurillo926@gmail.com','F','Walsh Drive','9639','Junior'),(2759,'Ashley','Santana','Ashley.Santana1@somethinglike.utsa.edu','AshleySantana279@yahoo.com','F','West Curve','2400','Sophomore'),(2760,'Cynthia','Cook','Cynthia.Cook1@somethinglike.utsa.edu','CynthiaCook864@outlook.com','F','Stacy Mission','042','Junior'),(2761,'Todd','Robinson','Todd.Robinson1@somethinglike.utsa.edu','ToddRobinson44@gmail.com','M','Davis Greens','7465','Sophomore'),(2762,'Todd','Daniels','Todd.Daniels1@somethinglike.utsa.edu','ToddDaniels867@yahoo.com','M','Kim Crossroad','4189','Senior'),(2763,'Michael','Roberts','Michael.Roberts1@somethinglike.utsa.edu','MichaelRoberts256@yahoo.com','M','Janet Mountains','3544','Junior'),(2764,'Sierra','Rivas','Sierra.Rivas1@somethinglike.utsa.edu','SierraRivas429@outlook.com','F','Thompson Forge','46657','Senior'),(2765,'Nicholas','Lambert','Nicholas.Lambert1@somethinglike.utsa.edu','NicholasLambert884@gmail.com','M','Frederick Field','540','Freshman'),(2766,'Breanna','Smith','Breanna.Smith1@somethinglike.utsa.edu','BreannaSmith163@outlook.com','F','Wallace Shore','452','Senior'),(2767,'Mary','Smith','Mary.Smith1@somethinglike.utsa.edu','MarySmith561@outlook.com','F','Martin Mill','1671','Senior'),(2768,'Amanda','Chambers','Amanda.Chambers1@somethinglike.utsa.edu','AmandaChambers225@yahoo.com','F','Perez Crossroad','771','Freshman'),(2769,'Matthew','Gay','Matthew.Gay1@somethinglike.utsa.edu','MatthewGay997@yahoo.com','M','Colon Inlet','7759','Freshman'),(2770,'Timothy','Miller','Timothy.Miller1@somethinglike.utsa.edu','TimothyMiller875@yahoo.com','M','Sydney Gateway','671','Junior'),(2771,'Steve','Marshall','Steve.Marshall1@somethinglike.utsa.edu','SteveMarshall922@yahoo.com','M','Sara Fall','68525','Sophomore'),(2772,'Christopher','Castillo','Christopher.Castillo1@somethinglike.utsa.edu','ChristopherCastillo42@gmail.com','M','Colin Estate','1250','Junior'),(2773,'Sergio','Wilson','Sergio.Wilson1@somethinglike.utsa.edu','SergioWilson835@yahoo.com','M','Cochran Extensions','367','Senior'),(2774,'Micheal','Smith','Micheal.Smith1@somethinglike.utsa.edu','MichealSmith790@yahoo.com','M','Hudson Hills','8864','Sophomore'),(2775,'Elizabeth','Cole','Elizabeth.Cole1@somethinglike.utsa.edu','ElizabethCole302@gmail.com','F','Keith Brooks','01056','Sophomore'),(2776,'Charles','Rollins','Charles.Rollins1@somethinglike.utsa.edu','CharlesRollins140@gmail.com','M','Lisa Courts','7426','Sophomore'),(2777,'Dawn','Ward','Dawn.Ward1@somethinglike.utsa.edu','DawnWard507@outlook.com','F','Henderson Valleys','497','Sophomore'),(2778,'Jessica','Padilla','Jessica.Padilla1@somethinglike.utsa.edu','JessicaPadilla209@gmail.com','F','Elizabeth Heights','19224','Sophomore'),(2779,'Terri','Livingston','Terri.Livingston1@somethinglike.utsa.edu','TerriLivingston997@gmail.com','F','Rodriguez Creek','31958','Sophomore'),(2780,'Zachary','Adams','Zachary.Adams1@somethinglike.utsa.edu','ZacharyAdams359@yahoo.com','M','Simmons Crest','43395','Senior'),(2781,'Trevor','Carey','Trevor.Carey1@somethinglike.utsa.edu','TrevorCarey773@yahoo.com','M','Aaron Wells','07143','Junior'),(2782,'Jonathan','Baldwin','Jonathan.Baldwin1@somethinglike.utsa.edu','JonathanBaldwin919@yahoo.com','M','Moore Trail','88927','Junior'),(2783,'James','Maynard','James.Maynard1@somethinglike.utsa.edu','JamesMaynard4@gmail.com','M','Alyssa River','697','Sophomore'),(2784,'Tommy','Russell','Tommy.Russell1@somethinglike.utsa.edu','TommyRussell428@gmail.com','M','Gerald View','59296','Sophomore'),(2785,'Stephanie','Hoover','Stephanie.Hoover1@somethinglike.utsa.edu','StephanieHoover551@gmail.com','F','Alvarado Highway','66968','Junior'),(2786,'Michael','Walker','Michael.Walker1@somethinglike.utsa.edu','MichaelWalker685@gmail.com','M','Miller Spur','978','Senior'),(2787,'Amanda','Rogers','Amanda.Rogers1@somethinglike.utsa.edu','AmandaRogers680@outlook.com','F','Lucero Roads','949','Sophomore'),(2788,'Shawna','Moreno','Shawna.Moreno1@somethinglike.utsa.edu','ShawnaMoreno691@yahoo.com','F','Margaret Squares','2431','Sophomore'),(2789,'Brandon','Duncan','Brandon.Duncan1@somethinglike.utsa.edu','BrandonDuncan358@outlook.com','M','Kevin Glens','89002','Junior'),(2790,'Mary','Miller','Mary.Miller1@somethinglike.utsa.edu','MaryMiller551@yahoo.com','F','Jasmine Ramp','951','Junior'),(2791,'Daniel','Blevins','Daniel.Blevins1@somethinglike.utsa.edu','DanielBlevins292@yahoo.com','M','Chan Course','387','Senior'),(2792,'Shaun','Ellis','Shaun.Ellis1@somethinglike.utsa.edu','ShaunEllis179@outlook.com','M','Wright Creek','7806','Freshman'),(2793,'Daniel','Bryan','Daniel.Bryan1@somethinglike.utsa.edu','DanielBryan529@gmail.com','M','Matthews Tunnel','0808','Senior'),(2794,'David','Riley','David.Riley1@somethinglike.utsa.edu','DavidRiley432@outlook.com','M','Kimberly Corners','132','Sophomore'),(2795,'James','Clark','James.Clark2@somethinglike.utsa.edu','JamesClark756@gmail.com','M','Ayers Station','37964','Junior'),(2796,'Heather','Fitzgerald','Heather.Fitzgerald1@somethinglike.utsa.edu','HeatherFitzgerald997@outlook.com','F','Phillips Locks','3336','Senior'),(2797,'Matthew','Rangel','Matthew.Rangel1@somethinglike.utsa.edu','MatthewRangel352@outlook.com','M','Proctor Terrace','20559','Senior'),(2798,'Shane','Fleming','Shane.Fleming1@somethinglike.utsa.edu','ShaneFleming790@yahoo.com','M','Lopez Oval','02835','Sophomore'),(2799,'Joe','Henderson','Joe.Henderson1@somethinglike.utsa.edu','JoeHenderson312@yahoo.com','M','Kathy View','789','Senior'),(2800,'Yolanda','Thomas','Yolanda.Thomas1@somethinglike.utsa.edu','YolandaThomas215@outlook.com','F','Carmen Lodge','03963','Sophomore'),(2801,'Karen','Osborne','Karen.Osborne1@somethinglike.utsa.edu','KarenOsborne89@gmail.com','F','Jorge Causeway','7072','Senior'),(2802,'Shannon','Taylor','Shannon.Taylor1@somethinglike.utsa.edu','ShannonTaylor518@yahoo.com','M','Bryant Shoals','13901','Senior'),(2803,'Tony','Mejia','Tony.Mejia1@somethinglike.utsa.edu','TonyMejia33@gmail.com','M','Darrell Freeway','7868','Sophomore'),(2804,'Corey','Myers','Corey.Myers1@somethinglike.utsa.edu','CoreyMyers97@yahoo.com','M','Todd Village','73033','Senior'),(2805,'Ellen','Black','Ellen.Black1@somethinglike.utsa.edu','EllenBlack71@yahoo.com','F','Todd Rapid','6200','Sophomore'),(2806,'Blake','Garcia','Blake.Garcia1@somethinglike.utsa.edu','BlakeGarcia223@outlook.com','M','Charles Lock','4098','Freshman'),(2807,'Kevin','Shelton','Kevin.Shelton1@somethinglike.utsa.edu','KevinShelton946@gmail.com','M','Newman Shoals','4040','Sophomore'),(2808,'Matthew','Johnson','Matthew.Johnson1@somethinglike.utsa.edu','MatthewJohnson563@yahoo.com','M','Smith Port','2328','Senior'),(2809,'Sally','Gilbert','Sally.Gilbert1@somethinglike.utsa.edu','SallyGilbert885@yahoo.com','F','Mcdaniel Village','2342','Junior'),(2810,'Melody','Guerrero','Melody.Guerrero1@somethinglike.utsa.edu','MelodyGuerrero655@yahoo.com','F','Christopher Mission','5023','Freshman'),(2811,'Heather','Wright','Heather.Wright1@somethinglike.utsa.edu','HeatherWright353@gmail.com','F','Jonathan Ferry','074','Freshman'),(2812,'William','Preston','William.Preston1@somethinglike.utsa.edu','WilliamPreston451@gmail.com','M','Courtney Lane','5656','Sophomore'),(2813,'Harold','Stewart','Harold.Stewart1@somethinglike.utsa.edu','HaroldStewart146@gmail.com','M','Bates Overpass','300','Senior'),(2814,'Diana','Dyer','Diana.Dyer1@somethinglike.utsa.edu','DianaDyer93@yahoo.com','F','Cindy Prairie','4630','Junior'),(2815,'Rachel','Ellison','Rachel.Ellison1@somethinglike.utsa.edu','RachelEllison401@outlook.com','F','Thompson Vista','4940','Junior'),(2816,'Nicholas','Horne','Nicholas.Horne1@somethinglike.utsa.edu','NicholasHorne629@gmail.com','M','Anne Spur','8593','Senior'),(2817,'Mikayla','Brennan','Mikayla.Brennan1@somethinglike.utsa.edu','MikaylaBrennan627@yahoo.com','F','Jon Passage','58394','Freshman'),(2818,'Gregg','Beltran','Gregg.Beltran1@somethinglike.utsa.edu','GreggBeltran881@gmail.com','M','Cooper Plains','5566','Senior'),(2819,'Edward','Hall','Edward.Hall1@somethinglike.utsa.edu','EdwardHall877@gmail.com','M','Tara Vista','57287','Senior'),(2820,'Kimberly','Miller','Kimberly.Miller1@somethinglike.utsa.edu','KimberlyMiller147@yahoo.com','F','Frank Grove','8058','Junior'),(2821,'Todd','Hernandez','Todd.Hernandez1@somethinglike.utsa.edu','ToddHernandez118@yahoo.com','M','Garcia Gardens','3400','Junior'),(2822,'Lindsay','Reed','Lindsay.Reed1@somethinglike.utsa.edu','LindsayReed699@yahoo.com','F','Camacho Burgs','909','Freshman'),(2823,'Jasmine','Murray','Jasmine.Murray1@somethinglike.utsa.edu','JasmineMurray925@gmail.com','F','Carter Crossroad','0336','Sophomore'),(2824,'Olivia','Brown','Olivia.Brown1@somethinglike.utsa.edu','OliviaBrown533@yahoo.com','F','Erica Cliffs','2611','Senior'),(2825,'Christy','Thompson','Christy.Thompson1@somethinglike.utsa.edu','ChristyThompson404@gmail.com','F','Sierra Plain','1834','Sophomore'),(2826,'Paula','Klein','Paula.Klein1@somethinglike.utsa.edu','PaulaKlein78@outlook.com','F','Joshua Village','39731','Sophomore'),(2827,'Kevin','Holloway','Kevin.Holloway1@somethinglike.utsa.edu','KevinHolloway850@yahoo.com','M','Briana Inlet','230','Senior'),(2828,'Kimberly','Graves','Kimberly.Graves1@somethinglike.utsa.edu','KimberlyGraves159@yahoo.com','F','Norman Squares','859','Sophomore'),(2829,'Samantha','Perez','Samantha.Perez1@somethinglike.utsa.edu','SamanthaPerez271@yahoo.com','F','Caitlin Trace','827','Sophomore'),(2830,'Benjamin','Porter','Benjamin.Porter1@somethinglike.utsa.edu','BenjaminPorter964@gmail.com','M','Curry Mall','2074','Sophomore'),(2831,'Victoria','Jones','Victoria.Jones1@somethinglike.utsa.edu','VictoriaJones938@yahoo.com','F','Laura Views','769','Senior'),(2832,'Stephen','Macdonald','Stephen.Macdonald1@somethinglike.utsa.edu','StephenMacdonald859@gmail.com','M','James Shore','56458','Junior'),(2833,'Linda','Wilcox','Linda.Wilcox1@somethinglike.utsa.edu','LindaWilcox586@gmail.com','F','Hernandez Stream','1456','Junior'),(2834,'William','Villarreal','William.Villarreal1@somethinglike.utsa.edu','WilliamVillarreal103@outlook.com','M','Mary Parkways','4529','Sophomore'),(2835,'Anthony','Lee','Anthony.Lee1@somethinglike.utsa.edu','AnthonyLee30@yahoo.com','M','Leonard Forges','7263','Freshman'),(2836,'Kristen','Kelley','Kristen.Kelley1@somethinglike.utsa.edu','KristenKelley841@outlook.com','F','Todd Curve','7859','Junior'),(2837,'Megan','Hines','Megan.Hines1@somethinglike.utsa.edu','MeganHines166@gmail.com','F','Jason Circles','567','Freshman'),(2838,'James','Warren','James.Warren1@somethinglike.utsa.edu','JamesWarren977@outlook.com','M','Brittany Island','24292','Sophomore'),(2839,'William','Murray','William.Murray1@somethinglike.utsa.edu','WilliamMurray231@gmail.com','M','Brittney Keys','938','Sophomore'),(2840,'Mark','Powell','Mark.Powell1@somethinglike.utsa.edu','MarkPowell868@yahoo.com','M','Betty Turnpike','781','Sophomore'),(2841,'James','Brooks','James.Brooks1@somethinglike.utsa.edu','JamesBrooks108@outlook.com','M','Ramos Shoals','567','Freshman'),(2842,'Ashley','Ponce','Ashley.Ponce1@somethinglike.utsa.edu','AshleyPonce637@outlook.com','F','Washington Fall','21529','Junior'),(2843,'Kelli','Richards','Kelli.Richards1@somethinglike.utsa.edu','KelliRichards42@yahoo.com','F','Walker Point','7209','Freshman'),(2844,'Joseph','Carter','Joseph.Carter1@somethinglike.utsa.edu','JosephCarter847@outlook.com','M','Laura Overpass','6047','Freshman'),(2845,'Amanda','Payne','Amanda.Payne1@somethinglike.utsa.edu','AmandaPayne340@outlook.com','F','Campos Prairie','576','Senior'),(2846,'Toni','Hill','Toni.Hill1@somethinglike.utsa.edu','ToniHill927@gmail.com','F','Nancy Cliffs','33345','Junior'),(2847,'William','Medina','William.Medina1@somethinglike.utsa.edu','WilliamMedina217@gmail.com','M','Amy Forks','81050','Sophomore'),(2848,'Christopher','Morales','Christopher.Morales1@somethinglike.utsa.edu','ChristopherMorales893@yahoo.com','M','Dustin Spurs','9142','Sophomore'),(2849,'Janet','Barnett','Janet.Barnett1@somethinglike.utsa.edu','JanetBarnett327@gmail.com','F','Bates Oval','5923','Junior'),(2850,'Stacy','Woodard','Stacy.Woodard1@somethinglike.utsa.edu','StacyWoodard592@yahoo.com','F','Barbara Summit','5586','Sophomore'),(2851,'Brenda','Hutchinson','Brenda.Hutchinson1@somethinglike.utsa.edu','BrendaHutchinson732@yahoo.com','F','Reyes Burg','873','Senior'),(2852,'Eric','Keller','Eric.Keller1@somethinglike.utsa.edu','EricKeller305@gmail.com','M','Lisa Highway','009','Senior'),(2853,'Valerie','Robertson','Valerie.Robertson1@somethinglike.utsa.edu','ValerieRobertson242@yahoo.com','F','Russo Turnpike','89402','Junior'),(2854,'Amy','Jones','Amy.Jones1@somethinglike.utsa.edu','AmyJones86@outlook.com','F','Walter Underpass','425','Sophomore'),(2855,'Rachel','Carpenter','Rachel.Carpenter1@somethinglike.utsa.edu','RachelCarpenter26@outlook.com','F','Brittney Mews','566','Senior'),(2856,'Michael','Ford','Michael.Ford1@somethinglike.utsa.edu','MichaelFord646@outlook.com','M','Alisha Mills','1517','Senior'),(2857,'Teresa','Wu','Teresa.Wu1@somethinglike.utsa.edu','TeresaWu625@yahoo.com','F','Escobar Courts','902','Sophomore'),(2858,'Jason','May','Jason.May1@somethinglike.utsa.edu','JasonMay857@gmail.com','M','Reed Bypass','92527','Junior'),(2859,'Earl','Gilbert','Earl.Gilbert1@somethinglike.utsa.edu','EarlGilbert859@outlook.com','M','Waters Shoal','52707','Junior'),(2860,'Richard','Adams','Richard.Adams1@somethinglike.utsa.edu','RichardAdams496@outlook.com','M','Adrian Gateway','813','Junior'),(2861,'Victoria','Hays','Victoria.Hays1@somethinglike.utsa.edu','VictoriaHays135@yahoo.com','F','Jackson Manor','597','Senior'),(2862,'Cassandra','Strong','Cassandra.Strong1@somethinglike.utsa.edu','CassandraStrong973@gmail.com','F','Lee Points','459','Freshman'),(2863,'Erik','Burke','Erik.Burke1@somethinglike.utsa.edu','ErikBurke347@outlook.com','M','Ball Unions','63037','Freshman'),(2864,'Matthew','Doyle','Matthew.Doyle1@somethinglike.utsa.edu','MatthewDoyle446@outlook.com','M','Romero Point','377','Junior'),(2865,'Tyler','Gill','Tyler.Gill1@somethinglike.utsa.edu','TylerGill338@outlook.com','M','Edward Groves','2099','Sophomore'),(2866,'Michael','Bennett','Michael.Bennett1@somethinglike.utsa.edu','MichaelBennett255@outlook.com','M','Marshall Vista','47546','Senior'),(2867,'Tammy','Reynolds','Tammy.Reynolds1@somethinglike.utsa.edu','TammyReynolds177@yahoo.com','F','Susan Mountains','430','Junior'),(2868,'Jennifer','Franklin','Jennifer.Franklin1@somethinglike.utsa.edu','JenniferFranklin869@outlook.com','F','Forbes Ports','765','Senior'),(2869,'Monica','Jacobs','Monica.Jacobs1@somethinglike.utsa.edu','MonicaJacobs598@gmail.com','F','Michael Ports','2834','Freshman'),(2870,'Angela','Taylor','Angela.Taylor1@somethinglike.utsa.edu','AngelaTaylor134@gmail.com','F','Frank Passage','790','Freshman'),(2871,'Victoria','Buckley','Victoria.Buckley1@somethinglike.utsa.edu','VictoriaBuckley670@outlook.com','F','Tamara Stravenue','3409','Sophomore'),(2872,'Hayley','Guerrero','Hayley.Guerrero1@somethinglike.utsa.edu','HayleyGuerrero652@yahoo.com','F','Dalton Courts','318','Freshman'),(2873,'Janet','Crosby','Janet.Crosby1@somethinglike.utsa.edu','JanetCrosby58@yahoo.com','F','Sanchez Vista','158','Junior'),(2874,'Daniel','Flowers','Daniel.Flowers1@somethinglike.utsa.edu','DanielFlowers308@outlook.com','M','Nicholson Estates','0441','Freshman'),(2875,'April','Phillips','April.Phillips1@somethinglike.utsa.edu','AprilPhillips0@gmail.com','F','Williams Track','90390','Freshman'),(2876,'Charles','Harris','Charles.Harris1@somethinglike.utsa.edu','CharlesHarris347@outlook.com','M','Bullock Square','1135','Senior'),(2877,'Bradley','White','Bradley.White1@somethinglike.utsa.edu','BradleyWhite248@outlook.com','M','Janet Pine','916','Senior'),(2878,'Krystal','Hall','Krystal.Hall1@somethinglike.utsa.edu','KrystalHall558@gmail.com','F','Merritt Passage','7190','Senior'),(2879,'Marissa','Ortiz','Marissa.Ortiz1@somethinglike.utsa.edu','MarissaOrtiz15@gmail.com','F','Melvin Hill','005','Freshman'),(2880,'Clayton','Garcia','Clayton.Garcia1@somethinglike.utsa.edu','ClaytonGarcia337@yahoo.com','M','Stone Bypass','8393','Sophomore'),(2881,'Emily','Dillon','Emily.Dillon1@somethinglike.utsa.edu','EmilyDillon557@gmail.com','F','Brian Islands','6675','Junior'),(2882,'Ian','Williams','Ian.Williams1@somethinglike.utsa.edu','IanWilliams104@yahoo.com','M','Shane Plains','2650','Junior'),(2883,'Jeremy','Mcclain','Jeremy.Mcclain1@somethinglike.utsa.edu','JeremyMcclain251@gmail.com','M','Michael Unions','3599','Sophomore'),(2884,'Terry','Smith','Terry.Smith1@somethinglike.utsa.edu','TerrySmith169@gmail.com','F','Kendra Plains','31926','Senior'),(2885,'Victoria','Allen','Victoria.Allen1@somethinglike.utsa.edu','VictoriaAllen925@yahoo.com','F','Fritz Skyway','107','Sophomore'),(2886,'Rebecca','Brown','Rebecca.Brown1@somethinglike.utsa.edu','RebeccaBrown721@yahoo.com','F','Heather Summit','72362','Freshman'),(2887,'Rebecca','Walsh','Rebecca.Walsh1@somethinglike.utsa.edu','RebeccaWalsh16@gmail.com','F','Fred Stravenue','31280','Freshman'),(2888,'Christina','Deleon','Christina.Deleon1@somethinglike.utsa.edu','ChristinaDeleon84@yahoo.com','F','Benson Branch','786','Senior'),(2889,'Devin','Johnson','Devin.Johnson1@somethinglike.utsa.edu','DevinJohnson262@yahoo.com','M','Bush Wells','73137','Senior'),(2890,'Andre','Bowers','Andre.Bowers1@somethinglike.utsa.edu','AndreBowers474@yahoo.com','M','Boone View','626','Junior'),(2891,'Thomas','Luna','Thomas.Luna1@somethinglike.utsa.edu','ThomasLuna435@yahoo.com','M','Collins Loop','481','Freshman'),(2892,'Teresa','Perry','Teresa.Perry1@somethinglike.utsa.edu','TeresaPerry993@yahoo.com','F','Michael Route','87469','Sophomore'),(2893,'Jessica','Crawford','Jessica.Crawford1@somethinglike.utsa.edu','JessicaCrawford355@yahoo.com','F','Wagner Gardens','53344','Junior'),(2894,'Jessica','Ramirez','Jessica.Ramirez1@somethinglike.utsa.edu','JessicaRamirez643@yahoo.com','F','Angel Dale','738','Senior'),(2895,'Valerie','Delacruz','Valerie.Delacruz1@somethinglike.utsa.edu','ValerieDelacruz352@outlook.com','F','Prince Parks','98700','Sophomore'),(2896,'Michael','Williamson','Michael.Williamson1@somethinglike.utsa.edu','MichaelWilliamson900@gmail.com','M','Barbara Plains','26942','Senior'),(2897,'Madison','Lewis','Madison.Lewis1@somethinglike.utsa.edu','MadisonLewis658@gmail.com','F','Carter Drive','438','Junior'),(2898,'Michelle','Clark','Michelle.Clark1@somethinglike.utsa.edu','MichelleClark636@yahoo.com','F','William Dale','9534','Junior'),(2899,'Thomas','Owen','Thomas.Owen1@somethinglike.utsa.edu','ThomasOwen21@gmail.com','M','Alexandra Station','74830','Senior'),(2900,'Howard','Barnes','Howard.Barnes1@somethinglike.utsa.edu','HowardBarnes202@outlook.com','M','Patterson Trail','448','Junior'),(2901,'Earl','Nunez','Earl.Nunez1@somethinglike.utsa.edu','EarlNunez33@outlook.com','M','Smith Villages','51659','Senior'),(2902,'Kathleen','Castillo','Kathleen.Castillo1@somethinglike.utsa.edu','KathleenCastillo811@outlook.com','F','Peters Drives','06931','Junior'),(2903,'Xavier','Taylor','Xavier.Taylor1@somethinglike.utsa.edu','XavierTaylor202@yahoo.com','M','Kevin Mountain','434','Sophomore'),(2904,'Antonio','Thomas','Antonio.Thomas1@somethinglike.utsa.edu','AntonioThomas502@gmail.com','M','Carol Isle','937','Freshman'),(2905,'Audrey','Jimenez','Audrey.Jimenez1@somethinglike.utsa.edu','AudreyJimenez628@outlook.com','F','Suzanne Lodge','60617','Sophomore'),(2906,'Ronald','Clark','Ronald.Clark1@somethinglike.utsa.edu','RonaldClark438@gmail.com','M','Cherry Villages','78768','Senior'),(2907,'Amanda','Hernandez','Amanda.Hernandez1@somethinglike.utsa.edu','AmandaHernandez756@gmail.com','F','Tracy Cliffs','18008','Sophomore'),(2908,'Victoria','Alvarado','Victoria.Alvarado1@somethinglike.utsa.edu','VictoriaAlvarado851@outlook.com','F','Williams Mountains','193','Senior'),(2909,'Rachel','Todd','Rachel.Todd1@somethinglike.utsa.edu','RachelTodd65@gmail.com','F','Johnson Oval','235','Freshman'),(2910,'Tricia','Bolton','Tricia.Bolton1@somethinglike.utsa.edu','TriciaBolton388@yahoo.com','F','Bryan Wall','758','Senior'),(2911,'Jamie','Williams','Jamie.Williams1@somethinglike.utsa.edu','JamieWilliams800@yahoo.com','F','Sarah Plaza','37888','Sophomore'),(2912,'Cynthia','Robinson','Cynthia.Robinson1@somethinglike.utsa.edu','CynthiaRobinson496@outlook.com','F','David Terrace','27371','Freshman'),(2913,'Vanessa','Pitts','Vanessa.Pitts1@somethinglike.utsa.edu','VanessaPitts650@outlook.com','F','Shelton Meadows','979','Senior'),(2914,'David','Jones','David.Jones1@somethinglike.utsa.edu','DavidJones408@yahoo.com','M','Webb Shore','44940','Senior'),(2915,'Christy','Mathews','Christy.Mathews1@somethinglike.utsa.edu','ChristyMathews731@yahoo.com','F','Stuart Corners','5170','Junior'),(2916,'Michelle','Hayes','Michelle.Hayes1@somethinglike.utsa.edu','MichelleHayes560@outlook.com','F','Williams Port','432','Junior'),(2917,'Sue','Skinner','Sue.Skinner1@somethinglike.utsa.edu','SueSkinner837@yahoo.com','F','King Corners','66815','Sophomore'),(2918,'Maria','Baker','Maria.Baker1@somethinglike.utsa.edu','MariaBaker38@outlook.com','F','Jordan Mission','6641','Senior'),(2919,'Stephanie','Herman','Stephanie.Herman1@somethinglike.utsa.edu','StephanieHerman317@gmail.com','F','Cochran Ville','52684','Sophomore'),(2920,'Amanda','Burnett','Amanda.Burnett1@somethinglike.utsa.edu','AmandaBurnett236@outlook.com','F','Shelton Bridge','03531','Freshman'),(2921,'Christine','Williams','Christine.Williams1@somethinglike.utsa.edu','ChristineWilliams159@gmail.com','F','Michael Plains','6172','Senior'),(2922,'Stephen','Guzman','Stephen.Guzman1@somethinglike.utsa.edu','StephenGuzman794@gmail.com','M','Moses Radial','5004','Sophomore'),(2923,'Daniel','Andrews','Daniel.Andrews1@somethinglike.utsa.edu','DanielAndrews234@yahoo.com','M','Jennifer Rest','9733','Sophomore'),(2924,'Jacob','Calhoun','Jacob.Calhoun1@somethinglike.utsa.edu','JacobCalhoun669@yahoo.com','M','Stout Meadows','464','Senior'),(2925,'Diane','Munoz','Diane.Munoz1@somethinglike.utsa.edu','DianeMunoz183@outlook.com','F','Adam Grove','8630','Senior'),(2926,'Jamie','Brennan','Jamie.Brennan1@somethinglike.utsa.edu','JamieBrennan318@yahoo.com','F','Erin Islands','3585','Freshman'),(2927,'Matthew','Harvey','Matthew.Harvey1@somethinglike.utsa.edu','MatthewHarvey490@gmail.com','M','Jeffrey Lodge','4491','Freshman'),(2928,'Steven','Hancock','Steven.Hancock1@somethinglike.utsa.edu','StevenHancock484@yahoo.com','M','Melissa Coves','89532','Junior'),(2929,'Katherine','Gutierrez','Katherine.Gutierrez1@somethinglike.utsa.edu','KatherineGutierrez309@outlook.com','F','Nicole Views','12116','Freshman'),(2930,'Kari','Thompson','Kari.Thompson1@somethinglike.utsa.edu','KariThompson339@outlook.com','F','Boyle Place','345','Freshman'),(2931,'Michael','Velasquez','Michael.Velasquez1@somethinglike.utsa.edu','MichaelVelasquez783@yahoo.com','M','Geoffrey Parkway','441','Junior'),(2932,'Scott','Boyd','Scott.Boyd1@somethinglike.utsa.edu','ScottBoyd952@outlook.com','M','Miller Village','5396','Junior'),(2933,'Michael','Reed','Michael.Reed1@somethinglike.utsa.edu','MichaelReed386@gmail.com','M','Connie Neck','031','Senior'),(2934,'Ryan','Carter','Ryan.Carter1@somethinglike.utsa.edu','RyanCarter43@gmail.com','M','Ariel Meadows','41963','Junior'),(2935,'Joseph','Brooks','Joseph.Brooks1@somethinglike.utsa.edu','JosephBrooks301@outlook.com','M','Edwin Mount','86182','Freshman'),(2936,'Joseph','Rodriguez','Joseph.Rodriguez1@somethinglike.utsa.edu','JosephRodriguez33@yahoo.com','M','Grant Summit','2904','Freshman'),(2937,'Jeffrey','Bridges','Jeffrey.Bridges1@somethinglike.utsa.edu','JeffreyBridges895@yahoo.com','M','James Cliffs','2377','Sophomore'),(2938,'Alexandria','Rodriguez','Alexandria.Rodriguez1@somethinglike.utsa.edu','AlexandriaRodriguez664@gmail.com','F','Lewis Prairie','3111','Sophomore'),(2939,'Timothy','Mosley','Timothy.Mosley1@somethinglike.utsa.edu','TimothyMosley970@yahoo.com','M','Sierra Bridge','58390','Sophomore'),(2940,'James','Johnson','James.Johnson1@somethinglike.utsa.edu','JamesJohnson78@yahoo.com','M','Devin Club','5392','Freshman'),(2941,'Michael','Jennings','Michael.Jennings1@somethinglike.utsa.edu','MichaelJennings206@gmail.com','M','Melissa Spur','5459','Senior'),(2942,'Kimberly','Wilson','Kimberly.Wilson1@somethinglike.utsa.edu','KimberlyWilson82@gmail.com','F','James Lodge','2913','Senior'),(2943,'Courtney','Zuniga','Courtney.Zuniga1@somethinglike.utsa.edu','CourtneyZuniga513@yahoo.com','F','Roberts Causeway','066','Sophomore'),(2944,'Douglas','Velazquez','Douglas.Velazquez1@somethinglike.utsa.edu','DouglasVelazquez141@outlook.com','M','Lauren Cove','19040','Senior'),(2945,'Alec','Reyes','Alec.Reyes1@somethinglike.utsa.edu','AlecReyes82@yahoo.com','M','Tony Turnpike','90633','Freshman'),(2946,'David','Harrington','David.Harrington1@somethinglike.utsa.edu','DavidHarrington96@yahoo.com','M','Cody Street','37585','Senior'),(2947,'Michele','Bailey','Michele.Bailey1@somethinglike.utsa.edu','MicheleBailey541@outlook.com','F','Ryan Light','765','Senior'),(2948,'Samantha','Smith','Samantha.Smith1@somethinglike.utsa.edu','SamanthaSmith247@yahoo.com','F','Richard Curve','748','Freshman'),(2949,'Joshua','Williams','Joshua.Williams1@somethinglike.utsa.edu','JoshuaWilliams619@outlook.com','M','Lopez Brook','5213','Junior'),(2950,'Natasha','Pruitt','Natasha.Pruitt1@somethinglike.utsa.edu','NatashaPruitt964@outlook.com','F','Stewart Fields','361','Junior'),(2951,'James','Pratt','James.Pratt1@somethinglike.utsa.edu','JamesPratt8@gmail.com','M','Judy Hills','29455','Sophomore'),(2952,'Tammy','Rogers','Tammy.Rogers1@somethinglike.utsa.edu','TammyRogers758@yahoo.com','F','Arellano Mills','51355','Sophomore'),(2953,'Curtis','Tanner','Curtis.Tanner1@somethinglike.utsa.edu','CurtisTanner190@gmail.com','M','Robertson Spurs','154','Senior'),(2954,'Lacey','Hendrix','Lacey.Hendrix1@somethinglike.utsa.edu','LaceyHendrix682@gmail.com','F','Vicki Harbor','74418','Junior'),(2955,'Angela','Taylor','Angela.Taylor2@somethinglike.utsa.edu','AngelaTaylor836@gmail.com','F','Tracey Place','90285','Freshman'),(2956,'Michael','Davis','Michael.Davis1@somethinglike.utsa.edu','MichaelDavis939@yahoo.com','M','Katelyn Views','52487','Junior'),(2957,'Martha','Ramirez','Martha.Ramirez1@somethinglike.utsa.edu','MarthaRamirez204@yahoo.com','F','Kenneth Keys','67540','Freshman'),(2958,'Linda','Thomas','Linda.Thomas1@somethinglike.utsa.edu','LindaThomas148@yahoo.com','F','Kevin Hills','35281','Junior'),(2959,'Sharon','Rodriguez','Sharon.Rodriguez1@somethinglike.utsa.edu','SharonRodriguez194@yahoo.com','F','Li Corner','42040','Freshman'),(2960,'Alexander','Miller','Alexander.Miller1@somethinglike.utsa.edu','AlexanderMiller361@outlook.com','M','Bates Meadow','2981','Freshman'),(2961,'Linda','Perry','Linda.Perry1@somethinglike.utsa.edu','LindaPerry793@outlook.com','F','Turner Mountains','76161','Junior'),(2962,'Eric','Baker','Eric.Baker1@somethinglike.utsa.edu','EricBaker653@outlook.com','M','Morrison Port','3228','Sophomore'),(2963,'Tanya','Davis','Tanya.Davis1@somethinglike.utsa.edu','TanyaDavis34@outlook.com','F','Michael Turnpike','7789','Junior'),(2964,'Andrew','Ramirez','Andrew.Ramirez1@somethinglike.utsa.edu','AndrewRamirez941@outlook.com','M','Bush Parks','046','Freshman'),(2965,'Alicia','Bowen','Alicia.Bowen1@somethinglike.utsa.edu','AliciaBowen740@gmail.com','F','John Rue','306','Junior'),(2966,'Tanya','Lawrence','Tanya.Lawrence1@somethinglike.utsa.edu','TanyaLawrence7@yahoo.com','F','Stephanie Greens','196','Junior'),(2967,'Maurice','Bennett','Maurice.Bennett1@somethinglike.utsa.edu','MauriceBennett671@yahoo.com','M','Sergio Bridge','2573','Sophomore'),(2968,'Christy','Bell','Christy.Bell1@somethinglike.utsa.edu','ChristyBell378@yahoo.com','F','Eddie Parks','72254','Freshman'),(2969,'Michael','Moore','Michael.Moore1@somethinglike.utsa.edu','MichaelMoore509@gmail.com','M','Crystal Pass','363','Freshman'),(2970,'Jillian','Medina','Jillian.Medina1@somethinglike.utsa.edu','JillianMedina292@yahoo.com','F','Rodriguez Harbors','917','Freshman'),(2971,'Hannah','Miller','Hannah.Miller1@somethinglike.utsa.edu','HannahMiller5@gmail.com','F','Anthony Crossing','9512','Sophomore'),(2972,'Stephanie','Cooley','Stephanie.Cooley1@somethinglike.utsa.edu','StephanieCooley176@outlook.com','F','Mary Dale','6220','Sophomore'),(2973,'George','Barton','George.Barton1@somethinglike.utsa.edu','GeorgeBarton936@gmail.com','M','Rachel Mill','84819','Sophomore'),(2974,'Terri','Smith','Terri.Smith1@somethinglike.utsa.edu','TerriSmith896@yahoo.com','F','Janice Lodge','27678','Senior'),(2975,'Julia','Flores','Julia.Flores1@somethinglike.utsa.edu','JuliaFlores986@outlook.com','F','Webb Groves','63115','Junior'),(2976,'Seth','Cruz','Seth.Cruz1@somethinglike.utsa.edu','SethCruz789@gmail.com','M','Roy Mall','57058','Senior'),(2977,'Brandi','Phillips','Brandi.Phillips1@somethinglike.utsa.edu','BrandiPhillips190@outlook.com','F','Sonya Centers','84569','Sophomore'),(2978,'Darlene','Robbins','Darlene.Robbins1@somethinglike.utsa.edu','DarleneRobbins782@yahoo.com','F','Martin Unions','520','Freshman'),(2979,'Sean','Nelson','Sean.Nelson1@somethinglike.utsa.edu','SeanNelson629@yahoo.com','M','Walker Tunnel','896','Senior'),(2980,'Susan','Bruce','Susan.Bruce1@somethinglike.utsa.edu','SusanBruce775@outlook.com','F','Davenport Mill','6103','Sophomore'),(2981,'Eric','Hall','Eric.Hall1@somethinglike.utsa.edu','EricHall695@outlook.com','M','Henry Lane','36980','Senior'),(2982,'Susan','Smith','Susan.Smith1@somethinglike.utsa.edu','SusanSmith847@yahoo.com','F','Cassandra Dale','4496','Sophomore'),(2983,'Christina','Miller','Christina.Miller1@somethinglike.utsa.edu','ChristinaMiller64@yahoo.com','F','Robinson Pine','058','Sophomore'),(2984,'Arthur','Patel','Arthur.Patel1@somethinglike.utsa.edu','ArthurPatel308@yahoo.com','M','Cheryl Cliffs','7789','Sophomore'),(2985,'Micheal','Fuller','Micheal.Fuller1@somethinglike.utsa.edu','MichealFuller157@outlook.com','M','Elliott Mountain','91880','Sophomore'),(2986,'Linda','Guerra','Linda.Guerra1@somethinglike.utsa.edu','LindaGuerra262@yahoo.com','F','Ronald Lodge','3050','Senior'),(2987,'Jessica','Lawrence','Jessica.Lawrence1@somethinglike.utsa.edu','JessicaLawrence551@yahoo.com','F','Richards Course','149','Senior'),(2988,'Jennifer','Mann','Jennifer.Mann1@somethinglike.utsa.edu','JenniferMann475@gmail.com','F','Heather Burgs','268','Junior'),(2989,'Colleen','Rush','Colleen.Rush1@somethinglike.utsa.edu','ColleenRush263@outlook.com','F','Elizabeth Locks','6164','Junior'),(2990,'Amy','Perez','Amy.Perez1@somethinglike.utsa.edu','AmyPerez622@yahoo.com','F','Lane Shore','53805','Freshman'),(2991,'Jennifer','Gutierrez','Jennifer.Gutierrez1@somethinglike.utsa.edu','JenniferGutierrez959@yahoo.com','F','Charles Shore','78181','Sophomore'),(2992,'Stephanie','Boyd','Stephanie.Boyd1@somethinglike.utsa.edu','StephanieBoyd278@yahoo.com','F','Pearson Estates','273','Senior'),(2993,'Michael','Anderson','Michael.Anderson1@somethinglike.utsa.edu','MichaelAnderson988@gmail.com','M','Villanueva Circle','2371','Senior'),(2994,'Carlos','Berry','Carlos.Berry1@somethinglike.utsa.edu','CarlosBerry974@outlook.com','M','Jeffrey Lodge','4481','Freshman'),(2995,'Benjamin','Kim','Benjamin.Kim1@somethinglike.utsa.edu','BenjaminKim504@yahoo.com','M','Lee Keys','04351','Senior'),(2996,'Rhonda','Cantu','Rhonda.Cantu1@somethinglike.utsa.edu','RhondaCantu562@outlook.com','F','William Center','0196','Senior'),(2997,'Sheila','Jones','Sheila.Jones1@somethinglike.utsa.edu','SheilaJones592@gmail.com','F','Lisa Ridges','13169','Freshman'),(2998,'Lauren','Lane','Lauren.Lane1@somethinglike.utsa.edu','LaurenLane215@outlook.com','F','Nicole Island','607','Senior'),(2999,'Joshua','Watson','Joshua.Watson1@somethinglike.utsa.edu','JoshuaWatson224@gmail.com','M','Stacy Ways','44324','Sophomore'),(3000,'Tracy','Robinson','Tracy.Robinson1@somethinglike.utsa.edu','TracyRobinson643@gmail.com','F','Victoria Field','376','Senior'),(3001,'Samantha','Huang','Samantha.Huang1@somethinglike.utsa.edu','SamanthaHuang866@outlook.com','F','George Valley','68837','Sophomore'),(3002,'Tonya','Bean','Tonya.Bean1@somethinglike.utsa.edu','TonyaBean801@outlook.com','F','Gonzalez Circles','2906','Senior'),(3003,'Denise','Carter','Denise.Carter1@somethinglike.utsa.edu','DeniseCarter726@yahoo.com','F','Dunn Wells','764','Sophomore'),(3004,'Juan','Gray','Juan.Gray1@somethinglike.utsa.edu','JuanGray369@yahoo.com','M','Julie Village','71255','Junior'),(3005,'Andrea','Gutierrez','Andrea.Gutierrez1@somethinglike.utsa.edu','AndreaGutierrez832@yahoo.com','F','Ramsey Falls','8490','Freshman'),(3006,'Kelly','Meyer','Kelly.Meyer1@somethinglike.utsa.edu','KellyMeyer915@gmail.com','F','Lee Mews','034','Sophomore'),(3007,'Kevin','Hill','Kevin.Hill1@somethinglike.utsa.edu','KevinHill65@outlook.com','M','Samantha Route','729','Sophomore'),(3008,'Donald','Morris','Donald.Morris1@somethinglike.utsa.edu','DonaldMorris27@outlook.com','M','Gregory Junctions','0125','Senior'),(3009,'Miguel','Gomez','Miguel.Gomez1@somethinglike.utsa.edu','MiguelGomez587@yahoo.com','M','Johnson Squares','99595','Freshman'),(3010,'Charles','Rodriguez','Charles.Rodriguez1@somethinglike.utsa.edu','CharlesRodriguez643@outlook.com','M','Anderson Street','6784','Sophomore'),(3011,'Shannon','Burgess','Shannon.Burgess1@somethinglike.utsa.edu','ShannonBurgess82@outlook.com','F','Mullen Manors','0762','Junior'),(3012,'Lawrence','Decker','Lawrence.Decker1@somethinglike.utsa.edu','LawrenceDecker902@outlook.com','M','Lewis Flat','96075','Junior'),(3013,'Nicolas','Rivera','Nicolas.Rivera1@somethinglike.utsa.edu','NicolasRivera337@gmail.com','M','Moses Alley','54693','Freshman'),(3014,'James','Lane','James.Lane1@somethinglike.utsa.edu','JamesLane313@yahoo.com','M','Briana Run','9064','Junior'),(3015,'Michelle','Brooks','Michelle.Brooks1@somethinglike.utsa.edu','MichelleBrooks184@gmail.com','F','Michael Rapids','186','Senior'),(3016,'Faith','Cook','Faith.Cook1@somethinglike.utsa.edu','FaithCook414@yahoo.com','F','Christine Mills','31720','Sophomore'),(3017,'Michael','Lopez','Michael.Lopez2@somethinglike.utsa.edu','MichaelLopez427@outlook.com','M','Jody Freeway','18579','Senior'),(3018,'Angela','Silva','Angela.Silva1@somethinglike.utsa.edu','AngelaSilva685@outlook.com','F','Benjamin Islands','16769','Senior'),(3019,'Gregory','Guzman','Gregory.Guzman1@somethinglike.utsa.edu','GregoryGuzman439@gmail.com','M','John Groves','80870','Senior'),(3020,'Phillip','Johnson','Phillip.Johnson1@somethinglike.utsa.edu','PhillipJohnson274@gmail.com','M','Charles Rue','7781','Sophomore'),(3021,'Patricia','Powell','Patricia.Powell1@somethinglike.utsa.edu','PatriciaPowell329@outlook.com','F','Lopez Vista','7217','Junior'),(3022,'Robin','Johnson','Robin.Johnson1@somethinglike.utsa.edu','RobinJohnson351@gmail.com','F','Roberson Common','79119','Sophomore'),(3023,'Brittany','Beck','Brittany.Beck1@somethinglike.utsa.edu','BrittanyBeck999@gmail.com','F','Jessica Bypass','06551','Junior'),(3024,'Jacob','Crawford','Jacob.Crawford1@somethinglike.utsa.edu','JacobCrawford509@gmail.com','M','Brian Crossing','70768','Freshman'),(3025,'Breanna','Fuller','Breanna.Fuller1@somethinglike.utsa.edu','BreannaFuller746@outlook.com','F','Heidi Stream','611','Sophomore'),(3026,'Jonathon','Hall','Jonathon.Hall1@somethinglike.utsa.edu','JonathonHall676@outlook.com','M','Carla Crescent','109','Sophomore'),(3027,'Erin','Lee','Erin.Lee1@somethinglike.utsa.edu','ErinLee957@outlook.com','F','Leslie Island','90887','Freshman'),(3028,'Brian','Anderson','Brian.Anderson1@somethinglike.utsa.edu','BrianAnderson387@outlook.com','M','Summers Drives','275','Junior'),(3029,'Brandy','Donovan','Brandy.Donovan1@somethinglike.utsa.edu','BrandyDonovan341@gmail.com','F','Heather Key','3496','Sophomore'),(3030,'Donna','Walls','Donna.Walls1@somethinglike.utsa.edu','DonnaWalls654@gmail.com','F','Jessica Mountains','2430','Sophomore'),(3031,'Ryan','Tate','Ryan.Tate1@somethinglike.utsa.edu','RyanTate486@gmail.com','M','Smith Land','398','Freshman'),(3032,'Cynthia','Lee','Cynthia.Lee1@somethinglike.utsa.edu','CynthiaLee918@yahoo.com','F','Michael Fall','1428','Freshman'),(3033,'Scott','Lane','Scott.Lane1@somethinglike.utsa.edu','ScottLane387@yahoo.com','M','Gutierrez Mall','81165','Freshman'),(3034,'Elizabeth','Jimenez','Elizabeth.Jimenez1@somethinglike.utsa.edu','ElizabethJimenez474@outlook.com','F','Reed Mountains','3014','Sophomore'),(3035,'Frank','Brown','Frank.Brown1@somethinglike.utsa.edu','FrankBrown59@gmail.com','M','Turner Overpass','99209','Sophomore'),(3036,'Michael','Long','Michael.Long1@somethinglike.utsa.edu','MichaelLong854@outlook.com','M','Kenneth Inlet','66410','Freshman'),(3037,'Courtney','Esparza','Courtney.Esparza1@somethinglike.utsa.edu','CourtneyEsparza83@yahoo.com','F','Chad Station','942','Freshman'),(3038,'Darin','Young','Darin.Young1@somethinglike.utsa.edu','DarinYoung873@yahoo.com','M','Christopher Forges','1072','Junior'),(3039,'Nicole','Wiggins','Nicole.Wiggins1@somethinglike.utsa.edu','NicoleWiggins923@gmail.com','F','Sampson Run','7299','Senior'),(3040,'Adrienne','Gallagher','Adrienne.Gallagher1@somethinglike.utsa.edu','AdrienneGallagher782@outlook.com','F','Vanessa Mews','14819','Sophomore'),(3041,'Elizabeth','Mcdonald','Elizabeth.Mcdonald1@somethinglike.utsa.edu','ElizabethMcdonald267@gmail.com','F','Mann Light','16015','Sophomore'),(3042,'George','Maldonado','George.Maldonado1@somethinglike.utsa.edu','GeorgeMaldonado216@yahoo.com','M','Christine Garden','140','Junior'),(3043,'Crystal','Graham','Crystal.Graham1@somethinglike.utsa.edu','CrystalGraham889@yahoo.com','F','Horn Turnpike','1791','Freshman'),(3044,'Mary','Schneider','Mary.Schneider1@somethinglike.utsa.edu','MarySchneider528@outlook.com','F','Stacie Ville','27643','Junior'),(3045,'Mia','Collins','Mia.Collins1@somethinglike.utsa.edu','MiaCollins828@gmail.com','F','Cory Turnpike','042','Sophomore'),(3046,'Ruth','Pineda','Ruth.Pineda1@somethinglike.utsa.edu','RuthPineda179@outlook.com','F','Paul Fort','162','Sophomore'),(3047,'Cory','Tucker','Cory.Tucker1@somethinglike.utsa.edu','CoryTucker66@gmail.com','M','Allen Squares','0644','Senior'),(3048,'Tina','Ingram','Tina.Ingram1@somethinglike.utsa.edu','TinaIngram101@outlook.com','F','Jamie Street','150','Sophomore'),(3049,'Robert','Shaw','Robert.Shaw1@somethinglike.utsa.edu','RobertShaw330@gmail.com','M','Campos Rest','181','Sophomore'),(3050,'Luke','Johnson','Luke.Johnson1@somethinglike.utsa.edu','LukeJohnson631@yahoo.com','M','Becky Union','661','Junior'),(3051,'Hannah','Blanchard','Hannah.Blanchard1@somethinglike.utsa.edu','HannahBlanchard881@outlook.com','F','Diane Unions','2013','Senior'),(3052,'Kimberly','Grant','Kimberly.Grant1@somethinglike.utsa.edu','KimberlyGrant792@outlook.com','F','Hall Lock','1446','Freshman'),(3053,'Vincent','Fuller','Vincent.Fuller1@somethinglike.utsa.edu','VincentFuller278@gmail.com','M','Watson Court','24379','Freshman'),(3054,'Meghan','Harris','Meghan.Harris1@somethinglike.utsa.edu','MeghanHarris450@gmail.com','F','Colleen Flat','6488','Freshman'),(3055,'Paul','Scott','Paul.Scott1@somethinglike.utsa.edu','PaulScott466@yahoo.com','M','Howell Union','73051','Senior'),(3056,'Lori','Castillo','Lori.Castillo1@somethinglike.utsa.edu','LoriCastillo325@yahoo.com','F','White Bypass','73398','Junior'),(3057,'Jeffery','Farmer','Jeffery.Farmer0@somethinglike.utsa.edu','JeffreyFarmer26@yahoo.com','M','Jaclyn Avenue','373','Sophomore'),(3058,'Sarah','Wagner','Sarah.Wagner0@somethinglike.utsa.edu','SarahWagner614@gmail.com','F','Bowman Via','8710','Junior'),(3059,'Robert','Perry','Robert.Perry0@somethinglike.utsa.edu','RobertPerry85@gmail.com','M','Gilmore Turnpike','38724','Junior'),(3060,'Heather','Browning','Heather.Browning0@somethinglike.utsa.edu','HeatherBrowning133@gmail.com','F','Brenda Squares','880','Sophomore'),(3061,'James','Vincent','James.Vincent0@somethinglike.utsa.edu','JamesVincent355@gmail.com','M','Williams Dam','918','Senior'),(3062,'Lindsay','Ballard','Lindsay.Ballard0@somethinglike.utsa.edu','LindsayBallard376@outlook.com','F','Hampton Pine','9994','Senior'),(3063,'Robert','Robles','Robert.Robles0@somethinglike.utsa.edu','RobertRobles416@gmail.com','M','Curtis Mountains','3018','Senior'),(3064,'Dylan','Jackson','Dylan.Jackson0@somethinglike.utsa.edu','DylanJackson192@gmail.com','M','Black Field','567','Sophomore'),(3065,'Jessica','Cantrell','Jessica.Cantrell0@somethinglike.utsa.edu','JessicaCantrell265@gmail.com','F','Adams Summit','1684','Senior'),(3066,'Megan','Stephens','Megan.Stephens0@somethinglike.utsa.edu','MeganStephens42@outlook.com','F','James Crossroad','57574','Junior'),(3067,'Vanessa','Mccoy','Vanessa.Mccoy0@somethinglike.utsa.edu','VanessaMccoy103@yahoo.com','F','Walton Mills','5935','Sophomore'),(3068,'Eric','Garrison','Eric.Garrison0@somethinglike.utsa.edu','EricGarrison726@yahoo.com','M','Cynthia Forge','56231','Sophomore'),(3069,'Thomas','Evans','Thomas.Evans0@somethinglike.utsa.edu','ThomasEvans145@yahoo.com','M','Johnston Green','526','Sophomore'),(3070,'Jason','King','Jason.King0@somethinglike.utsa.edu','JasonKing306@outlook.com','M','Ashley Ville','210','Senior'),(3071,'Marcus','Johnson','Marcus.Johnson0@somethinglike.utsa.edu','MarcusJohnson708@outlook.com','M','Smith Forks','375','Sophomore'),(3072,'Hannah','Harris','Hannah.Harris0@somethinglike.utsa.edu','HannahHarris848@outlook.com','F','Hamilton Walks','5931','Sophomore'),(3073,'Ashley','Wade','Ashley.Wade0@somethinglike.utsa.edu','AshleyWade952@yahoo.com','F','Collins Shoals','03547','Sophomore'),(3074,'Casey','Jackson','Casey.Jackson0@somethinglike.utsa.edu','CaseyJackson994@outlook.com','M','Shelby Estates','89812','Sophomore'),(3075,'Richard','Espinoza','Richard.Espinoza0@somethinglike.utsa.edu','RichardEspinoza31@yahoo.com','M','Russell Canyon','9461','Junior'),(3076,'Sharon','French','Sharon.French0@somethinglike.utsa.edu','SharonFrench430@gmail.com','F','James Point','6928','Junior'),(3078,'Alexis','Gutierrez','Alexis.Gutierrez0@somethinglike.utsa.edu','AlexisGutierrez615@yahoo.com','F','Ricky Heights','763','Sophomore'),(3080,'Samantha','Smith','Samantha.Smith2@somethinglike.utsa.edu','SamanthaSmith391@gmail.com','F','Brooks Ridges','8645','Senior');
/*!40000 ALTER TABLE `student` ENABLE KEYS */;
UNLOCK TABLES;

--
-- Table structure for table `student_emp`
--

DROP TABLE IF EXISTS `student_emp`;
/*!40101 SET @saved_cs_client     = @@character_set_client */;
/*!50503 SET character_set_client = utf8mb4 */;
CREATE TABLE `student_emp` (
  `EMPLOYEE_ID` int NOT NULL,
  `STUDENT_ID` int NOT NULL,
  PRIMARY KEY (`EMPLOYEE_ID`,`STUDENT_ID`),
  KEY `STUDENT_ID` (`STUDENT_ID`),
  CONSTRAINT `student_emp_ibfk_1` FOREIGN KEY (`EMPLOYEE_ID`) REFERENCES `employee` (`EMPLOYEE_ID`) ON DELETE CASCADE,
  CONSTRAINT `student_emp_ibfk_2` FOREIGN KEY (`STUDENT_ID`) REFERENCES `student` (`STUDENT_ID`) ON DELETE CASCADE
) ENGINE=InnoDB DEFAULT CHARSET=utf8mb4 COLLATE=utf8mb4_0900_ai_ci;
/*!40101 SET character_set_client = @saved_cs_client */;

--
-- Dumping data for table `student_emp`
--

LOCK TABLES `student_emp` WRITE;
/*!40000 ALTER TABLE `student_emp` DISABLE KEYS */;
INSERT INTO `student_emp` (`EMPLOYEE_ID`, `STUDENT_ID`) VALUES (1907,3057),(1923,3058),(1925,3059),(1936,3060),(1938,3061),(1945,3062),(1947,3063),(1952,3064),(1959,3065),(1962,3066),(1963,3067),(1968,3068),(1969,3069),(1970,3070),(1974,3071),(1975,3072),(1977,3073),(1986,3074),(1990,3075),(1993,3076),(2000,3078),(1999,3080);
/*!40000 ALTER TABLE `student_emp` ENABLE KEYS */;
UNLOCK TABLES;

--
-- Dumping routines for database 'college_db'
--
/*!50003 DROP PROCEDURE IF EXISTS `delete_enrollee` */;
/*!50003 SET @saved_cs_client      = @@character_set_client */ ;
/*!50003 SET @saved_cs_results     = @@character_set_results */ ;
/*!50003 SET @saved_col_connection = @@collation_connection */ ;
/*!50003 SET character_set_client  = utf8mb4 */ ;
/*!50003 SET character_set_results = utf8mb4 */ ;
/*!50003 SET collation_connection  = utf8mb4_0900_ai_ci */ ;
/*!50003 SET @saved_sql_mode       = @@sql_mode */ ;
/*!50003 SET sql_mode              = 'STRICT_TRANS_TABLES,NO_ENGINE_SUBSTITUTION' */ ;
DELIMITER ;;
CREATE DEFINER=`root`@`localhost` PROCEDURE `delete_enrollee`(IN sid INT, IN eid INT)
BEGIN
	DELETE
	FROM ENROLL
	WHERE STUDENT_ID=sid AND EVENT_ID=eid;
    
	IF (SELECT CLASS.CLASS_WAITLIST_POSITION
		FROM CLASS
        WHERE CLASS.EVENT_ID=eid) > 0
    THEN
    UPDATE ENROLL
    SET ENROLL_WAITLIST_FLAG='0'
    WHERE ENROLL.EVENT_ID=eid AND ENROLL.ENROLL_WAITLIST_FLAG='1'
    LIMIT 1;
                        
	UPDATE CLASS
    SET CLASS.CLASS_WAITLIST_POSITION=CLASS.CLASS_WAITLIST_POSITION-1
    WHERE CLASS.EVENT_ID=eid;
	END IF;
END ;;
DELIMITER ;
/*!50003 SET sql_mode              = @saved_sql_mode */ ;
/*!50003 SET character_set_client  = @saved_cs_client */ ;
/*!50003 SET character_set_results = @saved_cs_results */ ;
/*!50003 SET collation_connection  = @saved_col_connection */ ;
/*!50003 DROP PROCEDURE IF EXISTS `is_class_available` */;
/*!50003 SET @saved_cs_client      = @@character_set_client */ ;
/*!50003 SET @saved_cs_results     = @@character_set_results */ ;
/*!50003 SET @saved_col_connection = @@collation_connection */ ;
/*!50003 SET character_set_client  = utf8mb4 */ ;
/*!50003 SET character_set_results = utf8mb4 */ ;
/*!50003 SET collation_connection  = utf8mb4_0900_ai_ci */ ;
/*!50003 SET @saved_sql_mode       = @@sql_mode */ ;
/*!50003 SET sql_mode              = 'STRICT_TRANS_TABLES,NO_ENGINE_SUBSTITUTION' */ ;
DELIMITER ;;
CREATE DEFINER=`root`@`localhost` PROCEDURE `is_class_available`(OUT test BOOLEAN, IN eid INT)
BEGIN
	IF (SELECT CLASSROOM_MAX_CAPACITY
        FROM CLASSROOM
        WHERE CLASSROOM_ID=(SELECT CLASSROOM_ID
		                    FROM CLASS
		                    WHERE CLASS.EVENT_ID=eid)) <= (SELECT COUNT(enroll.EVENT_ID)
										                  FROM ENROLL
										                  WHERE enroll.EVENT_ID=eid)
	THEN
    SET test=0;
    ELSE
    SET test=1;
    END IF;
END ;;
DELIMITER ;
/*!50003 SET sql_mode              = @saved_sql_mode */ ;
/*!50003 SET character_set_client  = @saved_cs_client */ ;
/*!50003 SET character_set_results = @saved_cs_results */ ;
/*!50003 SET collation_connection  = @saved_col_connection */ ;
/*!50003 DROP PROCEDURE IF EXISTS `view_all_tables` */;
/*!50003 SET @saved_cs_client      = @@character_set_client */ ;
/*!50003 SET @saved_cs_results     = @@character_set_results */ ;
/*!50003 SET @saved_col_connection = @@collation_connection */ ;
/*!50003 SET character_set_client  = utf8mb4 */ ;
/*!50003 SET character_set_results = utf8mb4 */ ;
/*!50003 SET collation_connection  = utf8mb4_0900_ai_ci */ ;
/*!50003 SET @saved_sql_mode       = @@sql_mode */ ;
/*!50003 SET sql_mode              = 'STRICT_TRANS_TABLES,NO_ENGINE_SUBSTITUTION' */ ;
DELIMITER ;;
CREATE DEFINER=`root`@`localhost` PROCEDURE `view_all_tables`()
BEGIN
select *
from employee;
select *
from professor;
select *
from student;
select *
from student_emp;
select *
from class;
select *
from course;
select *
from class;
select *
from `event`;
select *
from building;
select *
from classroom;
END ;;
DELIMITER ;
/*!50003 SET sql_mode              = @saved_sql_mode */ ;
/*!50003 SET character_set_client  = @saved_cs_client */ ;
/*!50003 SET character_set_results = @saved_cs_results */ ;
/*!50003 SET collation_connection  = @saved_col_connection */ ;

--
-- Final view structure for view `all_class_info`
--

/*!50001 DROP VIEW IF EXISTS `all_class_info`*/;
/*!50001 SET @saved_cs_client          = @@character_set_client */;
/*!50001 SET @saved_cs_results         = @@character_set_results */;
/*!50001 SET @saved_col_connection     = @@collation_connection */;
/*!50001 SET character_set_client      = utf8mb4 */;
/*!50001 SET character_set_results     = utf8mb4 */;
/*!50001 SET collation_connection      = utf8mb4_0900_ai_ci */;
/*!50001 CREATE ALGORITHM=UNDEFINED */
/*!50013 DEFINER=`root`@`localhost` SQL SECURITY DEFINER */
/*!50001 VIEW `all_class_info` AS select `c`.`EVENT_ID` AS `Class ID`,`e`.`EMPLOYEE_LNAME` AS `Professor Last Name`,`e`.`EMPLOYEE_FNAME` AS `Professor First Name`,`co`.`COURSE_NAME` AS `Course Name`,`co`.`COURSE_HOURS` AS `Course Hours`,`cr`.`CLASSROOM_ID` AS `Classroom Number`,`b`.`BUILDING_ADDRESS_NAME` AS `Building Name` from ((((`class` `c` join `employee` `e` on((`c`.`EMPLOYEE_ID` = `e`.`EMPLOYEE_ID`))) join `course` `co` on((`c`.`COURSE_ID` = `co`.`COURSE_ID`))) join `classroom` `cr` on((`c`.`CLASSROOM_ID` = `cr`.`CLASSROOM_ID`))) join `building` `b` on((`c`.`BUILDING_ID` = `b`.`BUILDING_ID`))) */;
/*!50001 SET character_set_client      = @saved_cs_client */;
/*!50001 SET character_set_results     = @saved_cs_results */;
/*!50001 SET collation_connection      = @saved_col_connection */;
/*!40103 SET TIME_ZONE=@OLD_TIME_ZONE */;

/*!40101 SET SQL_MODE=@OLD_SQL_MODE */;
/*!40014 SET FOREIGN_KEY_CHECKS=@OLD_FOREIGN_KEY_CHECKS */;
/*!40014 SET UNIQUE_CHECKS=@OLD_UNIQUE_CHECKS */;
/*!40101 SET CHARACTER_SET_CLIENT=@OLD_CHARACTER_SET_CLIENT */;
/*!40101 SET CHARACTER_SET_RESULTS=@OLD_CHARACTER_SET_RESULTS */;
/*!40101 SET COLLATION_CONNECTION=@OLD_COLLATION_CONNECTION */;
/*!40111 SET SQL_NOTES=@OLD_SQL_NOTES */;

-- Dump completed on 2022-11-26 14:17:45
